plot_idx,block_idx,block_reward_type,block_forced_type,rewards,forgone_rewards,regrets,perc_opt_actions
0,0.0,0.0,0.0,0.47864583,-0.028125,,0.31648958,0.5005208
0,0.0,1.0,1.0,0.5125,0.011458334,,0.30846876,0.52239585
0,0.0,2.0,0.0,0.4953125,0.014583333,,0.32127082,0.51145834
0,0.0,3.0,1.0,0.51354164,0.05,,0.31377083,0.53229165
0,1.0,0.0,0.0,0.47864583,-0.026041666,,0.30577084,0.5296875
0,1.0,1.0,1.0,0.5125,0.041666668,,0.29989582,0.5239583
0,1.0,2.0,0.0,0.4953125,0.051041666,,0.31858334,0.5182292
0,1.0,3.0,1.0,0.51354164,0.017708333,,0.3128646,0.5130208
0,2.0,0.0,0.0,0.47864583,0.035416666,,0.31420836,0.5083333
0,2.0,1.0,1.0,0.5125,0.060416665,,0.29261458,0.52916664
0,2.0,2.0,0.0,0.4953125,0.06458333,,0.30904165,0.51927084
0,2.0,3.0,1.0,0.51354164,0.060416665,,0.30459374,0.53802085
0,3.0,0.0,0.0,0.47864583,0.009375,,0.2931771,0.5385417
0,3.0,1.0,1.0,0.5125,0.072916664,,0.29923958,0.5359375
0,3.0,2.0,0.0,0.4953125,0.0625,,0.30204165,0.53541666
0,3.0,3.0,1.0,0.51354164,0.019791666,,0.316625,0.51770836
0,4.0,0.0,0.0,0.47864583,0.015625,,0.2969375,0.54322916
0,4.0,1.0,1.0,0.5125,0.06979167,,0.28779167,0.5473958
0,4.0,2.0,0.0,0.4953125,0.098958336,,0.27975,0.55625
0,4.0,3.0,1.0,0.51354164,0.038541667,,0.30354166,0.525
0,5.0,0.0,0.0,0.47864583,0.008333334,,0.27804166,0.5552083
0,5.0,1.0,1.0,0.5125,0.040625,,0.29012498,0.5541667
0,5.0,2.0,0.0,0.4953125,0.072916664,,0.30013543,0.53802085
0,5.0,3.0,1.0,0.51354164,-0.009375,,0.31927082,0.52135414
0,6.0,0.0,0.0,0.47864583,0.004166667,,0.28495833,0.5385417
0,6.0,1.0,1.0,0.5125,0.07083333,,0.2819583,0.5598958
0,6.0,2.0,0.0,0.4953125,0.022916667,,0.31561458,0.521875
0,6.0,3.0,1.0,0.51354164,0.04375,,0.29602084,0.54114586
0,7.0,0.0,0.0,0.47864583,0.004166667,,0.28901044,0.53697914
0,7.0,1.0,1.0,0.5125,0.051041666,,0.2802604,0.5572917
0,7.0,2.0,0.0,0.4953125,0.08020833,,0.29057294,0.5359375
0,7.0,3.0,1.0,0.51354164,0.071875,,0.28909376,0.540625
0,8.0,0.0,0.0,0.47864583,0.033333335,,0.28365624,0.5463542
0,8.0,1.0,1.0,0.5125,0.067708336,,0.30321875,0.52552086
0,8.0,2.0,0.0,0.4953125,0.038541667,,0.31004164,0.52552086
0,8.0,3.0,1.0,0.51354164,0.065625,,0.2911354,0.53229165
0,9.0,0.0,0.0,0.47864583,0.067708336,,0.27822918,0.54270834
0,9.0,1.0,1.0,0.5125,0.063541666,,0.28626043,0.5520833
0,9.0,2.0,0.0,0.4953125,0.07604167,,0.29939583,0.53697914
0,9.0,3.0,1.0,0.51354164,0.061458334,,0.29402083,0.54010415
0,10.0,0.0,0.0,0.47864583,0.039583333,,0.2829375,0.54895836
0,10.0,1.0,1.0,0.5125,0.063541666,,0.29940623,0.5328125
0,10.0,2.0,0.0,0.4953125,0.045833334,,0.3073021,0.5208333
0,10.0,3.0,1.0,0.51354164,0.03125,,0.29007292,0.54270834
0,11.0,0.0,0.0,0.47864583,0.0125,,0.29040626,0.53697914
0,11.0,1.0,1.0,0.5125,0.055208333,,0.29151043,0.53541666
0,11.0,2.0,0.0,0.4953125,0.06458333,,0.28996876,0.54114586
0,11.0,3.0,1.0,0.51354164,0.055208333,,0.3080208,0.51197916
0,12.0,0.0,0.0,0.47864583,0.058333334,,0.28933334,0.53125
0,12.0,1.0,1.0,0.5125,0.094791666,,0.29189584,0.5390625
0,12.0,2.0,0.0,0.4953125,0.08958333,,0.2894271,0.5442708
0,12.0,3.0,1.0,0.51354164,0.034375,,0.30471876,0.5286458
0,13.0,0.0,0.0,0.47864583,0.054166667,,0.28442708,0.553125
0,13.0,1.0,1.0,0.5125,0.047916666,,0.28090623,0.5484375
0,13.0,2.0,0.0,0.4953125,0.059375,,0.27633333,0.5463542
0,13.0,3.0,1.0,0.51354164,0.072916664,,0.28642708,0.546875
0,14.0,0.0,0.0,0.47864583,0.039583333,,0.28480208,0.5390625
0,14.0,1.0,1.0,0.5125,0.07604167,,0.2837083,0.53489584
0,14.0,2.0,0.0,0.4953125,0.057291668,,0.28919792,0.5515625
0,14.0,3.0,1.0,0.51354164,0.067708336,,0.30717707,0.528125
0,15.0,0.0,0.0,0.47864583,0.03125,,0.28980207,0.5395833
0,15.0,1.0,1.0,0.5125,0.057291668,,0.29402083,0.5416667
0,15.0,2.0,0.0,0.4953125,0.090625,,0.27940625,0.55364585
0,15.0,3.0,1.0,0.51354164,0.044791665,,0.29830208,0.53229165
0,16.0,0.0,0.0,0.47864583,0.047916666,,0.28122917,0.5442708
0,16.0,1.0,1.0,0.5125,0.051041666,,0.2805417,0.55885416
0,16.0,2.0,0.0,0.4953125,0.0375,,0.29015625,0.54583335
0,16.0,3.0,1.0,0.51354164,0.075,,0.29045832,0.5421875
0,17.0,0.0,0.0,0.47864583,0.033333335,,0.29821876,0.53541666
0,17.0,1.0,1.0,0.5125,0.011458334,,0.30377084,0.5328125
0,17.0,2.0,0.0,0.4953125,0.035416666,,0.29209375,0.5453125
0,17.0,3.0,1.0,0.51354164,0.096875,,0.29260415,0.54114586
0,18.0,0.0,0.0,0.47864583,0.033333335,,0.281875,0.54895836
0,18.0,1.0,1.0,0.5125,0.045833334,,0.30589584,0.52447915
0,18.0,2.0,0.0,0.4953125,0.051041666,,0.28023958,0.5572917
0,18.0,3.0,1.0,0.51354164,0.065625,,0.28154168,0.5520833
0,19.0,0.0,0.0,0.47864583,0.046875,,0.27368748,0.55572915
0,19.0,1.0,1.0,0.5125,0.036458332,,0.29625,0.5364583
0,19.0,2.0,0.0,0.4953125,0.07083333,,0.28459373,0.54479164
0,19.0,3.0,1.0,0.51354164,0.08125,,0.29227084,0.55052084
0,20.0,0.0,0.0,0.47864583,0.033333335,,0.29911458,0.534375
0,20.0,1.0,1.0,0.5125,0.042708334,,0.29088542,0.5421875
0,20.0,2.0,0.0,0.4953125,0.03125,,0.29916668,0.5421875
0,20.0,3.0,1.0,0.51354164,0.034375,,0.31077084,0.5317708
0,21.0,0.0,0.0,0.47864583,0.033333335,,0.2802604,0.5625
0,21.0,1.0,1.0,0.5125,0.045833334,,0.29148957,0.540625
0,21.0,2.0,0.0,0.4953125,0.06875,,0.29543748,0.534375
0,21.0,3.0,1.0,0.51354164,0.022916667,,0.31003127,0.53229165
0,22.0,0.0,0.0,0.47864583,0.07083333,,0.26136458,0.56927085
0,22.0,1.0,1.0,0.5125,0.06875,,0.27711457,0.5552083
0,22.0,2.0,0.0,0.4953125,0.06666667,,0.29654166,0.53697914
0,22.0,3.0,1.0,0.51354164,0.048958335,,0.30475,0.54791665
0,23.0,0.0,0.0,0.47864583,0.032291666,,0.30335417,0.5307292
0,23.0,1.0,1.0,0.5125,0.021875,,0.30079168,0.53229165
0,23.0,2.0,0.0,0.4953125,0.045833334,,0.29634374,0.5307292
0,23.0,3.0,1.0,0.51354164,0.017708333,,0.2981979,0.534375
0,24.0,0.0,0.0,0.47864583,0.059375,,0.27078125,0.5515625
0,24.0,1.0,1.0,0.5125,0.077083334,,0.28980207,0.54375
0,24.0,2.0,0.0,0.4953125,0.08541667,,0.28801042,0.5494792
0,24.0,3.0,1.0,0.51354164,0.015625,,0.299375,0.5395833
0,25.0,0.0,0.0,0.47864583,0.04375,,0.26236457,0.571875
0,25.0,1.0,1.0,0.5125,0.0375,,0.28254166,0.5453125
0,25.0,2.0,0.0,0.4953125,0.090625,,0.2821875,0.5453125
0,25.0,3.0,1.0,0.51354164,0.0125,,0.29435417,0.540625
0,26.0,0.0,0.0,0.47864583,0.021875,,0.27778128,0.559375
0,26.0,1.0,1.0,0.5125,0.045833334,,0.29041666,0.5421875
0,26.0,2.0,0.0,0.4953125,0.05625,,0.28461456,0.55052084
0,26.0,3.0,1.0,0.51354164,0.040625,,0.30670834,0.5296875
0,27.0,0.0,0.0,0.47864583,0.053125,,0.2803229,0.54114586
0,27.0,1.0,1.0,0.5125,0.053125,,0.2877083,0.5442708
0,27.0,2.0,0.0,0.4953125,0.067708336,,0.2974271,0.5421875
0,27.0,3.0,1.0,0.51354164,0.055208333,,0.30623958,0.5265625
0,28.0,0.0,0.0,0.47864583,0.04375,,0.28554165,0.5364583
0,28.0,1.0,1.0,0.5125,0.067708336,,0.28790626,0.54322916
0,28.0,2.0,0.0,0.4953125,0.079166666,,0.28683332,0.5385417
0,28.0,3.0,1.0,0.51354164,0.06458333,,0.30109373,0.5317708
0,29.0,0.0,0.0,0.47864583,0.058333334,,0.27016667,0.5572917
0,29.0,1.0,1.0,0.5125,0.079166666,,0.2966875,0.5338542
0,29.0,2.0,0.0,0.4953125,0.0625,,0.2871146,0.5494792
0,29.0,3.0,1.0,0.51354164,0.07395833,,0.2770729,0.55052084
0,30.0,0.0,0.0,0.47864583,0.078125,,0.27355206,0.56614584
0,30.0,1.0,1.0,0.5125,0.052083332,,0.29772916,0.5296875
0,30.0,2.0,0.0,0.4953125,0.079166666,,0.3045625,0.5234375
0,30.0,3.0,1.0,0.51354164,0.032291666,,0.30493748,0.54114586
0,31.0,0.0,0.0,0.47864583,0.027083334,,0.27175,0.5416667
0,31.0,1.0,1.0,0.5125,0.033333335,,0.30214584,0.54010415
0,31.0,2.0,0.0,0.4953125,0.046875,,0.28188542,0.55052084
0,31.0,3.0,1.0,0.51354164,0.052083332,,0.2778854,0.5619792
0,32.0,0.0,0.0,0.47864583,0.032291666,,0.28402084,0.54583335
0,32.0,1.0,1.0,0.5125,0.030208332,,0.30634373,0.52760416
0,32.0,2.0,0.0,0.4953125,0.078125,,0.2811875,0.53697914
0,32.0,3.0,1.0,0.51354164,0.08958333,,0.30189583,0.5395833
0,33.0,0.0,0.0,0.47864583,0.026041666,,0.28260416,0.5385417
0,33.0,1.0,1.0,0.5125,0.033333335,,0.2911146,0.540625
0,33.0,2.0,0.0,0.4953125,0.05,,0.2978021,0.5328125
0,33.0,3.0,1.0,0.51354164,0.036458332,,0.2966979,0.5328125
0,34.0,0.0,0.0,0.47864583,0.047916666,,0.2565104,0.5640625
0,34.0,1.0,1.0,0.5125,0.040625,,0.30060416,0.54375
0,34.0,2.0,0.0,0.4953125,0.05625,,0.29313543,0.53333336
0,34.0,3.0,1.0,0.51354164,0.038541667,,0.30196872,0.5239583
0,35.0,0.0,0.0,0.47864583,0.040625,,0.29716668,0.53541666
0,35.0,1.0,1.0,0.5125,0.071875,,0.28492707,0.5494792
0,35.0,2.0,0.0,0.4953125,0.054166667,,0.29422915,0.528125
0,35.0,3.0,1.0,0.51354164,0.029166667,,0.30283335,0.5338542
0,36.0,0.0,0.0,0.47864583,0.003125,,0.29505208,0.52239585
0,36.0,1.0,1.0,0.5125,0.061458334,,0.28023958,0.5609375
0,36.0,2.0,0.0,0.4953125,0.016666668,,0.29254165,0.5359375
0,36.0,3.0,1.0,0.51354164,-0.0010416667,,0.3093125,0.53125
0,37.0,0.0,0.0,0.47864583,0.030208332,,0.2860625,0.546875
0,37.0,1.0,1.0,0.5125,0.072916664,,0.2816771,0.5463542
0,37.0,2.0,0.0,0.4953125,0.058333334,,0.28334376,0.5484375
0,37.0,3.0,1.0,0.51354164,0.06979167,,0.287875,0.54010415
0,38.0,0.0,0.0,0.47864583,0.032291666,,0.27425,0.5625
0,38.0,1.0,1.0,0.5125,0.034375,,0.30506247,0.53020835
0,38.0,2.0,0.0,0.4953125,0.057291668,,0.29153123,0.53697914
0,38.0,3.0,1.0,0.51354164,0.040625,,0.3044271,0.5317708
0,39.0,0.0,0.0,0.47864583,0.020833334,,0.2748229,0.55572915
0,39.0,1.0,1.0,0.5125,0.063541666,,0.3041771,0.53020835
0,39.0,2.0,0.0,0.4953125,0.041666668,,0.29008335,0.5338542
0,39.0,3.0,1.0,0.51354164,0.05625,,0.31070834,0.53125
1000,0.0,0.0,0.0,0.5005208,-0.008333334,,0.33108333,0.5026042
1000,0.0,1.0,1.0,0.49322918,0.055208333,,0.29316667,0.553125
1000,0.0,2.0,0.0,0.5015625,-0.0125,,0.3363646,0.50572914
1000,0.0,3.0,1.0,0.5046875,0.051041666,,0.2912396,0.54479164
1000,1.0,0.0,0.0,0.5005208,0.048958335,,0.29921874,0.54322916
1000,1.0,1.0,1.0,0.49322918,0.08541667,,0.23610418,0.60052085
1000,1.0,2.0,0.0,0.5015625,0.059375,,0.28129166,0.5625
1000,1.0,3.0,1.0,0.5046875,0.072916664,,0.24875,0.58697915
1000,2.0,0.0,0.0,0.5005208,0.08125,,0.2551979,0.5885417
1000,2.0,1.0,1.0,0.49322918,0.18125,,0.20795833,0.63645834
1000,2.0,2.0,0.0,0.5015625,0.079166666,,0.26729167,0.58802086
1000,2.0,3.0,1.0,0.5046875,0.13229166,,0.2078229,0.6302083
1000,3.0,0.0,0.0,0.5005208,0.11145833,,0.24429168,0.5984375
1000,3.0,1.0,1.0,0.49322918,0.159375,,0.19603126,0.6453125
1000,3.0,2.0,0.0,0.5015625,0.115625,,0.24148959,0.6067708
1000,3.0,3.0,1.0,0.5046875,0.14375,,0.19032292,0.6588542
1000,4.0,0.0,0.0,0.5005208,0.123958334,,0.216625,0.6177083
1000,4.0,1.0,1.0,0.49322918,0.175,,0.17673959,0.66302085
1000,4.0,2.0,0.0,0.5015625,0.13645834,,0.2039375,0.6479167
1000,4.0,3.0,1.0,0.5046875,0.13958333,,0.17480208,0.67760414
1000,5.0,0.0,0.0,0.5005208,0.108333334,,0.19946875,0.63489586
1000,5.0,1.0,1.0,0.49322918,0.18333334,,0.16461459,0.68177086
1000,5.0,2.0,0.0,0.5015625,0.1125,,0.20211458,0.6458333
1000,5.0,3.0,1.0,0.5046875,0.18645833,,0.16701041,0.67395836
1000,6.0,0.0,0.0,0.5005208,0.11354167,,0.20170833,0.6421875
1000,6.0,1.0,1.0,0.49322918,0.13854167,,0.1844375,0.6625
1000,6.0,2.0,0.0,0.5015625,0.16354166,,0.1875625,0.6609375
1000,6.0,3.0,1.0,0.5046875,0.19166666,,0.16008332,0.678125
1000,7.0,0.0,0.0,0.5005208,0.13229166,,0.19211459,0.6484375
1000,7.0,1.0,1.0,0.49322918,0.17395833,,0.15446874,0.68385416
1000,7.0,2.0,0.0,0.5015625,0.14895834,,0.18651041,0.6640625
1000,7.0,3.0,1.0,0.5046875,0.178125,,0.13901041,0.7036458
1000,8.0,0.0,0.0,0.5005208,0.153125,,0.18486458,0.6479167
1000,8.0,1.0,1.0,0.49322918,0.153125,,0.15718749,0.6953125
1000,8.0,2.0,0.0,0.5015625,0.159375,,0.1761354,0.68072915
1000,8.0,3.0,1.0,0.5046875,0.16145833,,0.15464583,0.69895834
1000,9.0,0.0,0.0,0.5005208,0.15520833,,0.17716667,0.65416664
1000,9.0,1.0,1.0,0.49322918,0.18541667,,0.15494792,0.68958336
1000,9.0,2.0,0.0,0.5015625,0.13229166,,0.1786875,0.6713542
1000,9.0,3.0,1.0,0.5046875,0.18229167,,0.15475,0.69166666
1000,10.0,0.0,0.0,0.5005208,0.175,,0.16871876,0.6723958
1000,10.0,1.0,1.0,0.49322918,0.17395833,,0.15201041,0.690625
1000,10.0,2.0,0.0,0.5015625,0.18020834,,0.16552083,0.69375
1000,10.0,3.0,1.0,0.5046875,0.15520833,,0.15175,0.7
1000,11.0,0.0,0.0,0.5005208,0.13125,,0.16971874,0.6713542
1000,11.0,1.0,1.0,0.49322918,0.19791667,,0.14961459,0.69322914
1000,11.0,2.0,0.0,0.5015625,0.153125,,0.16101041,0.69166666
1000,11.0,3.0,1.0,0.5046875,0.18958333,,0.14926042,0.6958333
1000,12.0,0.0,0.0,0.5005208,0.15104167,,0.17552084,0.67395836
1000,12.0,1.0,1.0,0.49322918,0.16666667,,0.13701041,0.71770835
1000,12.0,2.0,0.0,0.5015625,0.14375,,0.16276042,0.68958336
1000,12.0,3.0,1.0,0.5046875,0.21875,,0.1340104,0.70729166
1000,13.0,0.0,0.0,0.5005208,0.15520833,,0.15691666,0.678125
1000,13.0,1.0,1.0,0.49322918,0.196875,,0.14548959,0.6984375
1000,13.0,2.0,0.0,0.5015625,0.12708333,,0.16784376,0.6822917
1000,13.0,3.0,1.0,0.5046875,0.21458334,,0.12878124,0.7171875
1000,14.0,0.0,0.0,0.5005208,0.178125,,0.16316667,0.6880208
1000,14.0,1.0,1.0,0.49322918,0.1875,,0.14494792,0.7036458
1000,14.0,2.0,0.0,0.5015625,0.18020834,,0.1754375,0.665625
1000,14.0,3.0,1.0,0.5046875,0.234375,,0.13733333,0.7109375
1000,15.0,0.0,0.0,0.5005208,0.18229167,,0.16283332,0.68385416
1000,15.0,1.0,1.0,0.49322918,0.175,,0.1491979,0.6947917
1000,15.0,2.0,0.0,0.5015625,0.16666667,,0.17366667,0.68177086
1000,15.0,3.0,1.0,0.5046875,0.17916666,,0.14525001,0.696875
1000,16.0,0.0,0.0,0.5005208,0.171875,,0.15596874,0.69739586
1000,16.0,1.0,1.0,0.49322918,0.17604166,,0.14482291,0.6953125
1000,16.0,2.0,0.0,0.5015625,0.18541667,,0.15805207,0.68854165
1000,16.0,3.0,1.0,0.5046875,0.18333334,,0.13393751,0.7114583
1000,17.0,0.0,0.0,0.5005208,0.17916666,,0.162625,0.68072915
1000,17.0,1.0,1.0,0.49322918,0.22395833,,0.12792708,0.728125
1000,17.0,2.0,0.0,0.5015625,0.1625,,0.15892707,0.6953125
1000,17.0,3.0,1.0,0.5046875,0.159375,,0.15108332,0.69947916
1000,18.0,0.0,0.0,0.5005208,0.16979167,,0.15799999,0.6859375
1000,18.0,1.0,1.0,0.49322918,0.16979167,,0.14323957,0.70989585
1000,18.0,2.0,0.0,0.5015625,0.21770833,,0.158125,0.6927083
1000,18.0,3.0,1.0,0.5046875,0.16666667,,0.15306251,0.69114584
1000,19.0,0.0,0.0,0.5005208,0.171875,,0.16738541,0.68177086
1000,19.0,1.0,1.0,0.49322918,0.16666667,,0.14136459,0.709375
1000,19.0,2.0,0.0,0.5015625,0.14583333,,0.15352084,0.69947916
1000,19.0,3.0,1.0,0.5046875,0.18125,,0.14913541,0.703125
1000,20.0,0.0,0.0,0.5005208,0.2,,0.16422917,0.690625
1000,20.0,1.0,1.0,0.49322918,0.2,,0.13857292,0.7005208
1000,20.0,2.0,0.0,0.5015625,0.153125,,0.162125,0.6947917
1000,20.0,3.0,1.0,0.5046875,0.19583334,,0.14758332,0.7036458
1000,21.0,0.0,0.0,0.5005208,0.19479166,,0.15579167,0.6953125
1000,21.0,1.0,1.0,0.49322918,0.18229167,,0.13553125,0.7203125
1000,21.0,2.0,0.0,0.5015625,0.178125,,0.15797918,0.70208335
1000,21.0,3.0,1.0,0.5046875,0.18958333,,0.14467709,0.70989585
1000,22.0,0.0,0.0,0.5005208,0.16458334,,0.15956251,0.6869792
1000,22.0,1.0,1.0,0.49322918,0.17395833,,0.14562501,0.7104167
1000,22.0,2.0,0.0,0.5015625,0.2,,0.15392709,0.70416665
1000,22.0,3.0,1.0,0.5046875,0.21979167,,0.13722917,0.715625
1000,23.0,0.0,0.0,0.5005208,0.196875,,0.15986459,0.6958333
1000,23.0,1.0,1.0,0.49322918,0.18541667,,0.14278124,0.696875
1000,23.0,2.0,0.0,0.5015625,0.16354166,,0.15275,0.70989585
1000,23.0,3.0,1.0,0.5046875,0.18229167,,0.14436458,0.71458334
1000,24.0,0.0,0.0,0.5005208,0.16979167,,0.16348958,0.68541664
1000,24.0,1.0,1.0,0.49322918,0.21770833,,0.13466667,0.71666664
1000,24.0,2.0,0.0,0.5015625,0.18854167,,0.1576875,0.69947916
1000,24.0,3.0,1.0,0.5046875,0.18645833,,0.13345833,0.71979165
1000,25.0,0.0,0.0,0.5005208,0.19270833,,0.16314583,0.68333334
1000,25.0,1.0,1.0,0.49322918,0.171875,,0.13553125,0.7015625
1000,25.0,2.0,0.0,0.5015625,0.16354166,,0.15154167,0.7015625
1000,25.0,3.0,1.0,0.5046875,0.19375,,0.13413543,0.7135417
1000,26.0,0.0,0.0,0.5005208,0.14270833,,0.14816667,0.69895834
1000,26.0,1.0,1.0,0.49322918,0.20416667,,0.12978126,0.7265625
1000,26.0,2.0,0.0,0.5015625,0.18541667,,0.15136458,0.69635415
1000,26.0,3.0,1.0,0.5046875,0.22291666,,0.13088542,0.728125
1000,27.0,0.0,0.0,0.5005208,0.165625,,0.15260416,0.6859375
1000,27.0,1.0,1.0,0.49322918,0.19166666,,0.13908334,0.7083333
1000,27.0,2.0,0.0,0.5015625,0.16041666,,0.161875,0.7015625
1000,27.0,3.0,1.0,0.5046875,0.17916666,,0.13742708,0.70885414
1000,28.0,0.0,0.0,0.5005208,0.15416667,,0.144875,0.7005208
1000,28.0,1.0,1.0,0.49322918,0.18125,,0.1434479,0.69375
1000,28.0,2.0,0.0,0.5015625,0.16041666,,0.15454167,0.7083333
1000,28.0,3.0,1.0,0.5046875,0.196875,,0.12013542,0.73125
1000,29.0,0.0,0.0,0.5005208,0.13125,,0.16801041,0.6625
1000,29.0,1.0,1.0,0.49322918,0.18541667,,0.13640624,0.7083333
1000,29.0,2.0,0.0,0.5015625,0.18645833,,0.14777084,0.71666664
1000,29.0,3.0,1.0,0.5046875,0.20625,,0.13002083,0.71510416
1000,30.0,0.0,0.0,0.5005208,0.14791666,,0.15886457,0.68854165
1000,30.0,1.0,1.0,0.49322918,0.209375,,0.1355521,0.7234375
1000,30.0,2.0,0.0,0.5015625,0.18854167,,0.16285416,0.69427085
1000,30.0,3.0,1.0,0.5046875,0.18854167,,0.13701041,0.7213542
1000,31.0,0.0,0.0,0.5005208,0.209375,,0.16058333,0.6796875
1000,31.0,1.0,1.0,0.49322918,0.24375,,0.13441665,0.72291666
1000,31.0,2.0,0.0,0.5015625,0.16979167,,0.16312501,0.69739586
1000,31.0,3.0,1.0,0.5046875,0.22291666,,0.12277083,0.728125
1000,32.0,0.0,0.0,0.5005208,0.1875,,0.14641666,0.703125
1000,32.0,1.0,1.0,0.49322918,0.17083333,,0.13366666,0.7213542
1000,32.0,2.0,0.0,0.5015625,0.20729166,,0.14526041,0.7171875
1000,32.0,3.0,1.0,0.5046875,0.17604166,,0.12422916,0.72864586
1000,33.0,0.0,0.0,0.5005208,0.16666667,,0.1413854,0.7135417
1000,33.0,1.0,1.0,0.49322918,0.23229167,,0.12745833,0.7234375
1000,33.0,2.0,0.0,0.5015625,0.17291667,,0.15716667,0.70885414
1000,33.0,3.0,1.0,0.5046875,0.16770834,,0.13840625,0.70885414
1000,34.0,0.0,0.0,0.5005208,0.19270833,,0.15786459,0.69635415
1000,34.0,1.0,1.0,0.49322918,0.190625,,0.12720832,0.71770835
1000,34.0,2.0,0.0,0.5015625,0.19791667,,0.15,0.71302086
1000,34.0,3.0,1.0,0.5046875,0.20208333,,0.1425625,0.715625
1000,35.0,0.0,0.0,0.5005208,0.15104167,,0.15207292,0.68854165
1000,35.0,1.0,1.0,0.49322918,0.1875,,0.14329167,0.71302086
1000,35.0,2.0,0.0,0.5015625,0.14791666,,0.17152084,0.6828125
1000,35.0,3.0,1.0,0.5046875,0.18854167,,0.14377084,0.70104164
1000,36.0,0.0,0.0,0.5005208,0.15104167,,0.16129166,0.68541664
1000,36.0,1.0,1.0,0.49322918,0.2,,0.13179167,0.709375
1000,36.0,2.0,0.0,0.5015625,0.21145834,,0.15034375,0.71302086
1000,36.0,3.0,1.0,0.5046875,0.18229167,,0.12527083,0.7270833
1000,37.0,0.0,0.0,0.5005208,0.17291667,,0.13829166,0.7104167
1000,37.0,1.0,1.0,0.49322918,0.20729166,,0.1330625,0.7192708
1000,37.0,2.0,0.0,0.5015625,0.22604166,,0.15873958,0.7057292
1000,37.0,3.0,1.0,0.5046875,0.225,,0.14464584,0.7078125
1000,38.0,0.0,0.0,0.5005208,0.178125,,0.16641666,0.678125
1000,38.0,1.0,1.0,0.49322918,0.22708334,,0.13496876,0.7109375
1000,38.0,2.0,0.0,0.5015625,0.209375,,0.14961459,0.71510416
1000,38.0,3.0,1.0,0.5046875,0.18125,,0.13071875,0.7296875
1000,39.0,0.0,0.0,0.5005208,0.18333334,,0.14386459,0.7005208
1000,39.0,1.0,1.0,0.49322918,0.20625,,0.13517709,0.71458334
1000,39.0,2.0,0.0,0.5015625,0.16875,,0.15861459,0.7036458
1000,39.0,3.0,1.0,0.5046875,0.19375,,0.13644792,0.7015625
2000,0.0,0.0,0.0,0.503125,-0.041666668,,0.34839582,0.49010417
2000,0.0,1.0,1.0,0.50625,0.045833334,,0.25184375,0.5828125
2000,0.0,2.0,0.0,0.503125,-0.023958333,,0.32464585,0.49010417
2000,0.0,3.0,1.0,0.4875,0.08125,,0.2561875,0.5864583
2000,1.0,0.0,0.0,0.503125,0.075,,0.2246875,0.60572916
2000,1.0,1.0,1.0,0.50625,0.14375,,0.18039583,0.65729165
2000,1.0,2.0,0.0,0.503125,0.11875,,0.22901042,0.59010416
2000,1.0,3.0,1.0,0.4875,0.13229166,,0.1779375,0.65260416
2000,2.0,0.0,0.0,0.503125,0.17708333,,0.18841667,0.6625
2000,2.0,1.0,1.0,0.50625,0.21666667,,0.13078125,0.703125
2000,2.0,2.0,0.0,0.503125,0.12916666,,0.19673958,0.6276042
2000,2.0,3.0,1.0,0.4875,0.171875,,0.14882292,0.6828125
2000,3.0,0.0,0.0,0.503125,0.17083333,,0.16633335,0.6765625
2000,3.0,1.0,1.0,0.50625,0.22708334,,0.11572917,0.73229164
2000,3.0,2.0,0.0,0.503125,0.17708333,,0.18396875,0.64635414
2000,3.0,3.0,1.0,0.4875,0.17916666,,0.12248958,0.7171875
2000,4.0,0.0,0.0,0.503125,0.18645833,,0.14697917,0.6984375
2000,4.0,1.0,1.0,0.50625,0.23645833,,0.10272917,0.7515625
2000,4.0,2.0,0.0,0.503125,0.153125,,0.1679375,0.67083335
2000,4.0,3.0,1.0,0.4875,0.21145834,,0.103999995,0.74114585
2000,5.0,0.0,0.0,0.503125,0.20416667,,0.14751042,0.6953125
2000,5.0,1.0,1.0,0.50625,0.246875,,0.0898125,0.7515625
2000,5.0,2.0,0.0,0.503125,0.21145834,,0.14554167,0.69322914
2000,5.0,3.0,1.0,0.4875,0.2125,,0.09153125,0.75885415
2000,6.0,0.0,0.0,0.503125,0.21770833,,0.11385417,0.734375
2000,6.0,1.0,1.0,0.50625,0.25208333,,0.0705,0.7895833
2000,6.0,2.0,0.0,0.503125,0.21354167,,0.10923958,0.7427083
2000,6.0,3.0,1.0,0.4875,0.22604166,,0.088229164,0.7625
2000,7.0,0.0,0.0,0.503125,0.25729167,,0.10180208,0.74635416
2000,7.0,1.0,1.0,0.50625,0.22291666,,0.07673958,0.78125
2000,7.0,2.0,0.0,0.503125,0.221875,,0.11685417,0.7348958
2000,7.0,3.0,1.0,0.4875,0.27604166,,0.076864585,0.78541666
2000,8.0,0.0,0.0,0.503125,0.23854166,,0.10395834,0.7484375
2000,8.0,1.0,1.0,0.50625,0.23020834,,0.08652083,0.77552086
2000,8.0,2.0,0.0,0.503125,0.265625,,0.11025,0.74791664
2000,8.0,3.0,1.0,0.4875,0.23854166,,0.069583334,0.7942708
2000,9.0,0.0,0.0,0.503125,0.24583334,,0.10452083,0.75104165
2000,9.0,1.0,1.0,0.50625,0.24375,,0.066270836,0.79791665
2000,9.0,2.0,0.0,0.503125,0.22708334,,0.09670833,0.759375
2000,9.0,3.0,1.0,0.4875,0.26666668,,0.07163541,0.79010415
2000,10.0,0.0,0.0,0.503125,0.25833333,,0.09152083,0.7682292
2000,10.0,1.0,1.0,0.50625,0.26770833,,0.060635414,0.80052084
2000,10.0,2.0,0.0,0.503125,0.259375,,0.09424999,0.7604167
2000,10.0,3.0,1.0,0.4875,0.28958333,,0.05771875,0.80572915
2000,11.0,0.0,0.0,0.503125,0.24895833,,0.091531254,0.765625
2000,11.0,1.0,1.0,0.50625,0.29375,,0.060031246,0.7994792
2000,11.0,2.0,0.0,0.503125,0.25416666,,0.095125,0.7682292
2000,11.0,3.0,1.0,0.4875,0.25104168,,0.060677085,0.8052083
2000,12.0,0.0,0.0,0.503125,0.29270834,,0.07886458,0.778125
2000,12.0,1.0,1.0,0.50625,0.26145834,,0.056958333,0.8041667
2000,12.0,2.0,0.0,0.503125,0.23333333,,0.087697916,0.77135414
2000,12.0,3.0,1.0,0.4875,0.28229168,,0.056072913,0.81875
2000,13.0,0.0,0.0,0.503125,0.27708334,,0.079020835,0.7796875
2000,13.0,1.0,1.0,0.50625,0.2875,,0.055416666,0.81145835
2000,13.0,2.0,0.0,0.503125,0.27916667,,0.08480208,0.77135414
2000,13.0,3.0,1.0,0.4875,0.27604166,,0.052010417,0.82239586
2000,14.0,0.0,0.0,0.503125,0.26875,,0.071375,0.7885417
2000,14.0,1.0,1.0,0.50625,0.284375,,0.04578125,0.83697915
2000,14.0,2.0,0.0,0.503125,0.259375,,0.075885415,0.79375
2000,14.0,3.0,1.0,0.4875,0.275,,0.056947913,0.81354165
2000,15.0,0.0,0.0,0.503125,0.28020832,,0.07570834,0.79010415
2000,15.0,1.0,1.0,0.50625,0.28541666,,0.04664583,0.83125
2000,15.0,2.0,0.0,0.503125,0.26666668,,0.07939584,0.7817708
2000,15.0,3.0,1.0,0.4875,0.28645834,,0.04913542,0.83385414
2000,16.0,0.0,0.0,0.503125,0.26354167,,0.07327083,0.7859375
2000,16.0,1.0,1.0,0.50625,0.309375,,0.046479166,0.83385414
2000,16.0,2.0,0.0,0.503125,0.25729167,,0.07580208,0.7953125
2000,16.0,3.0,1.0,0.4875,0.25729167,,0.048791666,0.82135415
2000,17.0,0.0,0.0,0.503125,0.28645834,,0.06876042,0.79479164
2000,17.0,1.0,1.0,0.50625,0.31354168,,0.04048958,0.83697915
2000,17.0,2.0,0.0,0.503125,0.24270834,,0.07201041,0.79895836
2000,17.0,3.0,1.0,0.4875,0.32708332,,0.042135417,0.84270835
2000,18.0,0.0,0.0,0.503125,0.26979166,,0.0641875,0.80677086
2000,18.0,1.0,1.0,0.50625,0.2875,,0.044979166,0.83125
2000,18.0,2.0,0.0,0.503125,0.271875,,0.068072915,0.80104166
2000,18.0,3.0,1.0,0.4875,0.28229168,,0.041145835,0.83697915
2000,19.0,0.0,0.0,0.503125,0.2625,,0.060635414,0.809375
2000,19.0,1.0,1.0,0.50625,0.28333333,,0.04503125,0.83177084
2000,19.0,2.0,0.0,0.503125,0.228125,,0.070031255,0.8
2000,19.0,3.0,1.0,0.4875,0.28125,,0.039135415,0.8515625
2000,20.0,0.0,0.0,0.503125,0.28333333,,0.06453125,0.809375
2000,20.0,1.0,1.0,0.50625,0.31875,,0.044625,0.8276042
2000,20.0,2.0,0.0,0.503125,0.271875,,0.06340625,0.80625
2000,20.0,3.0,1.0,0.4875,0.29895833,,0.04065625,0.84479165
2000,21.0,0.0,0.0,0.503125,0.321875,,0.06252083,0.803125
2000,21.0,1.0,1.0,0.50625,0.27291667,,0.042020835,0.84479165
2000,21.0,2.0,0.0,0.503125,0.29895833,,0.057041664,0.8177083
2000,21.0,3.0,1.0,0.4875,0.28333333,,0.04113542,0.8489583
2000,22.0,0.0,0.0,0.503125,0.290625,,0.06286458,0.8130208
2000,22.0,1.0,1.0,0.50625,0.27291667,,0.044791665,0.8296875
2000,22.0,2.0,0.0,0.503125,0.290625,,0.06277083,0.8119792
2000,22.0,3.0,1.0,0.4875,0.31666666,,0.03886458,0.8567708
2000,23.0,0.0,0.0,0.503125,0.296875,,0.065864585,0.80572915
2000,23.0,1.0,1.0,0.50625,0.27083334,,0.04448958,0.8333333
2000,23.0,2.0,0.0,0.503125,0.278125,,0.06832292,0.7973958
2000,23.0,3.0,1.0,0.4875,0.290625,,0.037677083,0.853125
2000,24.0,0.0,0.0,0.503125,0.26458332,,0.05871875,0.81458336
2000,24.0,1.0,1.0,0.50625,0.28958333,,0.0395,0.8432292
2000,24.0,2.0,0.0,0.503125,0.284375,,0.063625,0.8072917
2000,24.0,3.0,1.0,0.4875,0.278125,,0.0391875,0.846875
2000,25.0,0.0,0.0,0.503125,0.25729167,,0.055572916,0.82395834
2000,25.0,1.0,1.0,0.50625,0.24895833,,0.04217708,0.83697915
2000,25.0,2.0,0.0,0.503125,0.26770833,,0.061385415,0.81041664
2000,25.0,3.0,1.0,0.4875,0.31458333,,0.039447915,0.8515625
2000,26.0,0.0,0.0,0.503125,0.31354168,,0.05839583,0.81927085
2000,26.0,1.0,1.0,0.50625,0.28125,,0.040385418,0.83697915
2000,26.0,2.0,0.0,0.503125,0.2875,,0.059739582,0.81614584
2000,26.0,3.0,1.0,0.4875,0.27708334,,0.04232292,0.8421875
2000,27.0,0.0,0.0,0.503125,0.27083334,,0.056708332,0.8171875
2000,27.0,1.0,1.0,0.50625,0.27604166,,0.035166666,0.84791666
2000,27.0,2.0,0.0,0.503125,0.334375,,0.05661458,0.8208333
2000,27.0,3.0,1.0,0.4875,0.296875,,0.037572917,0.84947914
2000,28.0,0.0,0.0,0.503125,0.26458332,,0.062,0.815625
2000,28.0,1.0,1.0,0.50625,0.26770833,,0.04330208,0.8354167
2000,28.0,2.0,0.0,0.503125,0.31875,,0.054322913,0.821875
2000,28.0,3.0,1.0,0.4875,0.26458332,,0.041875,0.84375
2000,29.0,0.0,0.0,0.503125,0.28125,,0.063354164,0.80625
2000,29.0,1.0,1.0,0.50625,0.26041666,,0.043812502,0.8421875
2000,29.0,2.0,0.0,0.503125,0.28229168,,0.054302085,0.8307292
2000,29.0,3.0,1.0,0.4875,0.284375,,0.035979167,0.8598958
2000,30.0,0.0,0.0,0.503125,0.265625,,0.05559375,0.81458336
2000,30.0,1.0,1.0,0.50625,0.28333333,,0.04002083,0.83802086
2000,30.0,2.0,0.0,0.503125,0.30833334,,0.052885417,0.8286458
2000,30.0,3.0,1.0,0.4875,0.30208334,,0.041145835,0.8520833
2000,31.0,0.0,0.0,0.503125,0.31354168,,0.0649375,0.8109375
2000,31.0,1.0,1.0,0.50625,0.265625,,0.041718747,0.8390625
2000,31.0,2.0,0.0,0.503125,0.290625,,0.055489585,0.83385414
2000,31.0,3.0,1.0,0.4875,0.28958333,,0.036197916,0.85572916
2000,32.0,0.0,0.0,0.503125,0.30208334,,0.05815625,0.81822914
2000,32.0,1.0,1.0,0.50625,0.28333333,,0.036041666,0.8489583
2000,32.0,2.0,0.0,0.503125,0.29791668,,0.060416665,0.82447916
2000,32.0,3.0,1.0,0.4875,0.25833333,,0.037114583,0.8578125
2000,33.0,0.0,0.0,0.503125,0.27604166,,0.059364583,0.8229167
2000,33.0,1.0,1.0,0.50625,0.26875,,0.040927086,0.8390625
2000,33.0,2.0,0.0,0.503125,0.34270832,,0.05690625,0.8328125
2000,33.0,3.0,1.0,0.4875,0.29791668,,0.0335625,0.8598958
2000,34.0,0.0,0.0,0.503125,0.26458332,,0.0535,0.8177083
2000,34.0,1.0,1.0,0.50625,0.26458332,,0.037260417,0.8421875
2000,34.0,2.0,0.0,0.503125,0.284375,,0.04815625,0.8421875
2000,34.0,3.0,1.0,0.4875,0.28541666,,0.034531247,0.85625
2000,35.0,0.0,0.0,0.503125,0.253125,,0.06483333,0.815625
2000,35.0,1.0,1.0,0.50625,0.275,,0.037,0.8510417
2000,35.0,2.0,0.0,0.503125,0.28125,,0.062333334,0.81875
2000,35.0,3.0,1.0,0.4875,0.29166666,,0.038708333,0.8520833
2000,36.0,0.0,0.0,0.503125,0.28854167,,0.05259375,0.82916665
2000,36.0,1.0,1.0,0.50625,0.284375,,0.03828125,0.85
2000,36.0,2.0,0.0,0.503125,0.265625,,0.053927083,0.8296875
2000,36.0,3.0,1.0,0.4875,0.271875,,0.0379375,0.8541667
2000,37.0,0.0,0.0,0.503125,0.31875,,0.063854165,0.80677086
2000,37.0,1.0,1.0,0.50625,0.27291667,,0.0348125,0.85833335
2000,37.0,2.0,0.0,0.503125,0.31145832,,0.05359375,0.8307292
2000,37.0,3.0,1.0,0.4875,0.29166666,,0.03253125,0.85729164
2000,38.0,0.0,0.0,0.503125,0.290625,,0.06001042,0.81666666
2000,38.0,1.0,1.0,0.50625,0.28229168,,0.036708333,0.84947914
2000,38.0,2.0,0.0,0.503125,0.2625,,0.06173958,0.825
2000,38.0,3.0,1.0,0.4875,0.315625,,0.03265625,0.87083334
2000,39.0,0.0,0.0,0.503125,0.25520834,,0.05809375,0.8286458
2000,39.0,1.0,1.0,0.50625,0.30833334,,0.04140625,0.8489583
2000,39.0,2.0,0.0,0.503125,0.28958333,,0.051447917,0.83385414
2000,39.0,3.0,1.0,0.4875,0.27083334,,0.03615625,0.8484375
3000,0.0,0.0,0.0,0.49270833,0.010416667,,0.32648957,0.48854166
3000,0.0,1.0,1.0,0.48802084,0.10104167,,0.24253125,0.5833333
3000,0.0,2.0,0.0,0.50677085,0.010416667,,0.34188542,0.48854166
3000,0.0,3.0,1.0,0.5125,0.08958333,,0.23791666,0.58802086
3000,1.0,0.0,0.0,0.49270833,0.16875,,0.17025,0.65052086
3000,1.0,1.0,1.0,0.48802084,0.20625,,0.14955209,0.6890625
3000,1.0,2.0,0.0,0.50677085,0.20520833,,0.1575,0.6666667
3000,1.0,3.0,1.0,0.5125,0.18020834,,0.14175001,0.696875
3000,2.0,0.0,0.0,0.49270833,0.17395833,,0.16290624,0.66614586
3000,2.0,1.0,1.0,0.48802084,0.23958333,,0.116166666,0.7291667
3000,2.0,2.0,0.0,0.50677085,0.18645833,,0.16452083,0.66979164
3000,2.0,3.0,1.0,0.5125,0.17708333,,0.10551042,0.746875
3000,3.0,0.0,0.0,0.49270833,0.23958333,,0.117729165,0.7161458
3000,3.0,1.0,1.0,0.48802084,0.28541666,,0.08466666,0.7661458
3000,3.0,2.0,0.0,0.50677085,0.21458334,,0.12775,0.7140625
3000,3.0,3.0,1.0,0.5125,0.20104167,,0.0831875,0.7796875
3000,4.0,0.0,0.0,0.49270833,0.22604166,,0.112333335,0.7265625
3000,4.0,1.0,1.0,0.48802084,0.27083334,,0.078406245,0.76875
3000,4.0,2.0,0.0,0.50677085,0.234375,,0.11955208,0.71979165
3000,4.0,3.0,1.0,0.5125,0.24791667,,0.070541665,0.79322916
3000,5.0,0.0,0.0,0.49270833,0.18854167,,0.101791665,0.74375
3000,5.0,1.0,1.0,0.48802084,0.29270834,,0.059729166,0.80104166
3000,5.0,2.0,0.0,0.50677085,0.22083333,,0.111541666,0.72760415
3000,5.0,3.0,1.0,0.5125,0.31875,,0.055625,0.8208333
3000,6.0,0.0,0.0,0.49270833,0.225,,0.0866875,0.76145834
3000,6.0,1.0,1.0,0.48802084,0.328125,,0.057645835,0.79895836
3000,6.0,2.0,0.0,0.50677085,0.24583334,,0.10104167,0.7473958
3000,6.0,3.0,1.0,0.5125,0.25520834,,0.05621875,0.81875
3000,7.0,0.0,0.0,0.49270833,0.23229167,,0.08759376,0.7640625
3000,7.0,1.0,1.0,0.48802084,0.334375,,0.044281248,0.8296875
3000,7.0,2.0,0.0,0.50677085,0.25416666,,0.08846875,0.76458335
3000,7.0,3.0,1.0,0.5125,0.27291667,,0.04601042,0.83697915
3000,8.0,0.0,0.0,0.49270833,0.26666668,,0.076718755,0.78125
3000,8.0,1.0,1.0,0.48802084,0.31666666,,0.042802084,0.83020836
3000,8.0,2.0,0.0,0.50677085,0.275,,0.08071875,0.775
3000,8.0,3.0,1.0,0.5125,0.26458332,,0.04390625,0.8411458
3000,9.0,0.0,0.0,0.49270833,0.278125,,0.0703125,0.79114586
3000,9.0,1.0,1.0,0.48802084,0.31770834,,0.038114585,0.8296875
3000,9.0,2.0,0.0,0.50677085,0.29270834,,0.08192708,0.771875
3000,9.0,3.0,1.0,0.5125,0.28229168,,0.04035417,0.84479165
3000,10.0,0.0,0.0,0.49270833,0.27708334,,0.06739583,0.8
3000,10.0,1.0,1.0,0.48802084,0.33645833,,0.033375002,0.8484375
3000,10.0,2.0,0.0,0.50677085,0.26354167,,0.074854165,0.78697914
3000,10.0,3.0,1.0,0.5125,0.259375,,0.038822915,0.85052085
3000,11.0,0.0,0.0,0.49270833,0.27708334,,0.06483333,0.7994792
3000,11.0,1.0,1.0,0.48802084,0.321875,,0.032229166,0.8520833
3000,11.0,2.0,0.0,0.50677085,0.25104168,,0.07519791,0.784375
3000,11.0,3.0,1.0,0.5125,0.26354167,,0.03657292,0.8489583
3000,12.0,0.0,0.0,0.49270833,0.2375,,0.06309375,0.8046875
3000,12.0,1.0,1.0,0.48802084,0.29166666,,0.030072918,0.86302084
3000,12.0,2.0,0.0,0.50677085,0.27916667,,0.06813541,0.7963542
3000,12.0,3.0,1.0,0.5125,0.28020832,,0.0336875,0.8619792
3000,13.0,0.0,0.0,0.49270833,0.26145834,,0.056791667,0.8151042
3000,13.0,1.0,1.0,0.48802084,0.33645833,,0.02696875,0.86822915
3000,13.0,2.0,0.0,0.50677085,0.28541666,,0.06826042,0.7895833
3000,13.0,3.0,1.0,0.5125,0.284375,,0.0336875,0.85520834
3000,14.0,0.0,0.0,0.49270833,0.26770833,,0.056406252,0.8119792
3000,14.0,1.0,1.0,0.48802084,0.30104166,,0.025135417,0.86822915
3000,14.0,2.0,0.0,0.50677085,0.27916667,,0.06316666,0.8015625
3000,14.0,3.0,1.0,0.5125,0.26458332,,0.030479167,0.86510414
3000,15.0,0.0,0.0,0.49270833,0.28020832,,0.056791667,0.81666666
3000,15.0,1.0,1.0,0.48802084,0.346875,,0.025416667,0.87083334
3000,15.0,2.0,0.0,0.50677085,0.28229168,,0.060708333,0.7973958
3000,15.0,3.0,1.0,0.5125,0.31458333,,0.02828125,0.86822915
3000,16.0,0.0,0.0,0.49270833,0.28333333,,0.05434375,0.81614584
3000,16.0,1.0,1.0,0.48802084,0.35416666,,0.024552083,0.87083334
3000,16.0,2.0,0.0,0.50677085,0.28229168,,0.05871875,0.80260414
3000,16.0,3.0,1.0,0.5125,0.27395833,,0.025583332,0.87291664
3000,17.0,0.0,0.0,0.49270833,0.284375,,0.05065625,0.82447916
3000,17.0,1.0,1.0,0.48802084,0.31666666,,0.022927083,0.878125
3000,17.0,2.0,0.0,0.50677085,0.30833334,,0.058864586,0.8052083
3000,17.0,3.0,1.0,0.5125,0.30625,,0.023791667,0.8765625
3000,18.0,0.0,0.0,0.49270833,0.25208333,,0.045968752,0.8354167
3000,18.0,1.0,1.0,0.48802084,0.34166667,,0.019989584,0.8833333
3000,18.0,2.0,0.0,0.50677085,0.275,,0.056791667,0.8046875
3000,18.0,3.0,1.0,0.5125,0.30416667,,0.02234375,0.88072914
3000,19.0,0.0,0.0,0.49270833,0.28958333,,0.045624997,0.8307292
3000,19.0,1.0,1.0,0.48802084,0.359375,,0.020802082,0.8802083
3000,19.0,2.0,0.0,0.50677085,0.28645834,,0.05327083,0.81614584
3000,19.0,3.0,1.0,0.5125,0.27395833,,0.02159375,0.8833333
3000,20.0,0.0,0.0,0.49270833,0.27291667,,0.0434375,0.8375
3000,20.0,1.0,1.0,0.48802084,0.33229166,,0.018645832,0.8875
3000,20.0,2.0,0.0,0.50677085,0.284375,,0.051364586,0.81458336
3000,20.0,3.0,1.0,0.5125,0.28958333,,0.021499999,0.8859375
3000,21.0,0.0,0.0,0.49270833,0.284375,,0.044093747,0.8385417
3000,21.0,1.0,1.0,0.48802084,0.33645833,,0.018156251,0.8875
3000,21.0,2.0,0.0,0.50677085,0.29895833,,0.04971875,0.81927085
3000,21.0,3.0,1.0,0.5125,0.3,,0.02040625,0.88854164
3000,22.0,0.0,0.0,0.49270833,0.30208334,,0.044364583,0.83958334
3000,22.0,1.0,1.0,0.48802084,0.3375,,0.01840625,0.8880208
3000,22.0,2.0,0.0,0.50677085,0.3125,,0.04896875,0.821875
3000,22.0,3.0,1.0,0.5125,0.29166666,,0.018958334,0.8911458
3000,23.0,0.0,0.0,0.49270833,0.29270834,,0.0444375,0.8354167
3000,23.0,1.0,1.0,0.48802084,0.328125,,0.018020833,0.88697916
3000,23.0,2.0,0.0,0.50677085,0.275,,0.049770832,0.82135415
3000,23.0,3.0,1.0,0.5125,0.33020833,,0.017895835,0.89427084
3000,24.0,0.0,0.0,0.49270833,0.29270834,,0.042604167,0.8390625
3000,24.0,1.0,1.0,0.48802084,0.36041668,,0.017864583,0.8901042
3000,24.0,2.0,0.0,0.50677085,0.30520833,,0.048625,0.82708335
3000,24.0,3.0,1.0,0.5125,0.29270834,,0.017645834,0.8953125
3000,25.0,0.0,0.0,0.49270833,0.32395834,,0.042385414,0.840625
3000,25.0,1.0,1.0,0.48802084,0.33125,,0.016885417,0.890625
3000,25.0,2.0,0.0,0.50677085,0.29895833,,0.046770833,0.8276042
3000,25.0,3.0,1.0,0.5125,0.30520833,,0.01796875,0.89479166
3000,26.0,0.0,0.0,0.49270833,0.28958333,,0.040458333,0.84583336
3000,26.0,1.0,1.0,0.48802084,0.34479168,,0.016572917,0.89375
3000,26.0,2.0,0.0,0.50677085,0.26458332,,0.0491875,0.8229167
3000,26.0,3.0,1.0,0.5125,0.29895833,,0.017416665,0.8921875
3000,27.0,0.0,0.0,0.49270833,0.32395834,,0.038072918,0.85260415
3000,27.0,1.0,1.0,0.48802084,0.31875,,0.015104166,0.89739585
3000,27.0,2.0,0.0,0.50677085,0.27708334,,0.046885416,0.82447916
3000,27.0,3.0,1.0,0.5125,0.27916667,,0.016885417,0.89166665
3000,28.0,0.0,0.0,0.49270833,0.29375,,0.037677083,0.85
3000,28.0,1.0,1.0,0.48802084,0.34479168,,0.01403125,0.9010417
3000,28.0,2.0,0.0,0.50677085,0.25729167,,0.047458336,0.8296875
3000,28.0,3.0,1.0,0.5125,0.30208334,,0.0165625,0.8958333
3000,29.0,0.0,0.0,0.49270833,0.303125,,0.03923958,0.84375
3000,29.0,1.0,1.0,0.48802084,0.36875,,0.0145000005,0.9
3000,29.0,2.0,0.0,0.50677085,0.315625,,0.045291666,0.83125
3000,29.0,3.0,1.0,0.5125,0.29166666,,0.014927084,0.9010417
3000,30.0,0.0,0.0,0.49270833,0.31458333,,0.03746875,0.85
3000,30.0,1.0,1.0,0.48802084,0.34166667,,0.01371875,0.9
3000,30.0,2.0,0.0,0.50677085,0.271875,,0.0453125,0.8307292
3000,30.0,3.0,1.0,0.5125,0.31354168,,0.015239583,0.90052086
3000,31.0,0.0,0.0,0.49270833,0.32708332,,0.038875,0.8463542
3000,31.0,1.0,1.0,0.48802084,0.35520834,,0.015020833,0.89270836
3000,31.0,2.0,0.0,0.50677085,0.30208334,,0.046729166,0.828125
3000,31.0,3.0,1.0,0.5125,0.31458333,,0.014822916,0.903125
3000,32.0,0.0,0.0,0.49270833,0.334375,,0.037020836,0.85
3000,32.0,1.0,1.0,0.48802084,0.36458334,,0.013072917,0.90260416
3000,32.0,2.0,0.0,0.50677085,0.3125,,0.043239582,0.8333333
3000,32.0,3.0,1.0,0.5125,0.27604166,,0.013625,0.90520835
3000,33.0,0.0,0.0,0.49270833,0.31875,,0.0368125,0.8484375
3000,33.0,1.0,1.0,0.48802084,0.34583333,,0.013739583,0.8984375
3000,33.0,2.0,0.0,0.50677085,0.28645834,,0.04384375,0.83177084
3000,33.0,3.0,1.0,0.5125,0.30833334,,0.012572916,0.9125
3000,34.0,0.0,0.0,0.49270833,0.30208334,,0.038,0.8463542
3000,34.0,1.0,1.0,0.48802084,0.334375,,0.013760417,0.9010417
3000,34.0,2.0,0.0,0.50677085,0.265625,,0.04426042,0.82708335
3000,34.0,3.0,1.0,0.5125,0.26979166,,0.01196875,0.91041666
3000,35.0,0.0,0.0,0.49270833,0.2875,,0.03759375,0.8489583
3000,35.0,1.0,1.0,0.48802084,0.32604167,,0.011447917,0.90729165
3000,35.0,2.0,0.0,0.50677085,0.325,,0.043562498,0.83177084
3000,35.0,3.0,1.0,0.5125,0.32291666,,0.0136354165,0.9036458
3000,36.0,0.0,0.0,0.49270833,0.3125,,0.035593748,0.853125
3000,36.0,1.0,1.0,0.48802084,0.3625,,0.01303125,0.90416664
3000,36.0,2.0,0.0,0.50677085,0.32604167,,0.045,0.834375
3000,36.0,3.0,1.0,0.5125,0.284375,,0.012864584,0.90989584
3000,37.0,0.0,0.0,0.49270833,0.31458333,,0.03680208,0.85
3000,37.0,1.0,1.0,0.48802084,0.359375,,0.012437499,0.90260416
3000,37.0,2.0,0.0,0.50677085,0.32083333,,0.041166667,0.840625
3000,37.0,3.0,1.0,0.5125,0.3125,,0.014052083,0.9067708
3000,38.0,0.0,0.0,0.49270833,0.28958333,,0.038260415,0.8463542
3000,38.0,1.0,1.0,0.48802084,0.32395834,,0.013197917,0.9036458
3000,38.0,2.0,0.0,0.50677085,0.290625,,0.041572917,0.8390625
3000,38.0,3.0,1.0,0.5125,0.3,,0.011802083,0.909375
3000,39.0,0.0,0.0,0.49270833,0.2875,,0.03635417,0.8541667
3000,39.0,1.0,1.0,0.48802084,0.33333334,,0.011927083,0.90625
3000,39.0,2.0,0.0,0.50677085,0.29583332,,0.043010417,0.8333333
3000,39.0,3.0,1.0,0.5125,0.31354168,,0.010552083,0.9140625
4000,0.0,0.0,0.0,0.50625,-0.032291666,,0.32928127,0.5046875
4000,0.0,1.0,1.0,0.48489583,0.09375,,0.23392709,0.58958334
4000,0.0,2.0,0.0,0.51354164,-0.004166667,,0.32089582,0.47864583
4000,0.0,3.0,1.0,0.4953125,0.065625,,0.24660417,0.5885417
4000,1.0,0.0,0.0,0.50625,0.12604167,,0.16520834,0.67291665
4000,1.0,1.0,1.0,0.48489583,0.19270833,,0.13978125,0.70989585
4000,1.0,2.0,0.0,0.51354164,0.123958334,,0.15641667,0.6588542
4000,1.0,3.0,1.0,0.4953125,0.16770834,,0.1456875,0.70208335
4000,2.0,0.0,0.0,0.50625,0.13645834,,0.175,0.65
4000,2.0,1.0,1.0,0.48489583,0.25520834,,0.11142708,0.7427083
4000,2.0,2.0,0.0,0.51354164,0.11354167,,0.17947917,0.6354167
4000,2.0,3.0,1.0,0.4953125,0.20416667,,0.109822914,0.7369792
4000,3.0,0.0,0.0,0.50625,0.20416667,,0.115666665,0.71979165
4000,3.0,1.0,1.0,0.48489583,0.25625,,0.081906244,0.7817708
4000,3.0,2.0,0.0,0.51354164,0.13229166,,0.12009375,0.71197915
4000,3.0,3.0,1.0,0.4953125,0.26875,,0.084468745,0.7765625
4000,4.0,0.0,0.0,0.50625,0.225,,0.11876042,0.71979165
4000,4.0,1.0,1.0,0.48489583,0.26145834,,0.07555208,0.78541666
4000,4.0,2.0,0.0,0.51354164,0.18333334,,0.114906244,0.7140625
4000,4.0,3.0,1.0,0.4953125,0.26145834,,0.070802085,0.79375
4000,5.0,0.0,0.0,0.50625,0.24375,,0.094312504,0.7453125
4000,5.0,1.0,1.0,0.48489583,0.2625,,0.06454167,0.80260414
4000,5.0,2.0,0.0,0.51354164,0.17916666,,0.09780208,0.7447917
4000,5.0,3.0,1.0,0.4953125,0.25833333,,0.061020836,0.80885416
4000,6.0,0.0,0.0,0.50625,0.2125,,0.085999995,0.765625
4000,6.0,1.0,1.0,0.48489583,0.27083334,,0.060510416,0.81041664
4000,6.0,2.0,0.0,0.51354164,0.221875,,0.08227083,0.7578125
4000,6.0,3.0,1.0,0.4953125,0.24270834,,0.050906252,0.825
4000,7.0,0.0,0.0,0.50625,0.22916667,,0.08345833,0.7583333
4000,7.0,1.0,1.0,0.48489583,0.29479167,,0.053520836,0.8208333
4000,7.0,2.0,0.0,0.51354164,0.24583334,,0.08505209,0.753125
4000,7.0,3.0,1.0,0.4953125,0.29375,,0.04265625,0.8421875
4000,8.0,0.0,0.0,0.50625,0.215625,,0.07711458,0.7640625
4000,8.0,1.0,1.0,0.48489583,0.32291666,,0.0473125,0.8359375
4000,8.0,2.0,0.0,0.51354164,0.234375,,0.07286458,0.771875
4000,8.0,3.0,1.0,0.4953125,0.253125,,0.038760416,0.85520834
4000,9.0,0.0,0.0,0.50625,0.22395833,,0.07339583,0.7729167
4000,9.0,1.0,1.0,0.48489583,0.31145832,,0.043552082,0.8432292
4000,9.0,2.0,0.0,0.51354164,0.24270834,,0.070927076,0.7729167
4000,9.0,3.0,1.0,0.4953125,0.315625,,0.03834375,0.84583336
4000,10.0,0.0,0.0,0.50625,0.24895833,,0.068281256,0.7859375
4000,10.0,1.0,1.0,0.48489583,0.30416667,,0.03978125,0.8546875
4000,10.0,2.0,0.0,0.51354164,0.22604166,,0.06754167,0.7765625
4000,10.0,3.0,1.0,0.4953125,0.26875,,0.032552082,0.8598958
4000,11.0,0.0,0.0,0.50625,0.246875,,0.0624375,0.7953125
4000,11.0,1.0,1.0,0.48489583,0.34270832,,0.037697915,0.8588542
4000,11.0,2.0,0.0,0.51354164,0.22291666,,0.0675625,0.771875
4000,11.0,3.0,1.0,0.4953125,0.27291667,,0.028875,0.86822915
4000,12.0,0.0,0.0,0.50625,0.27708334,,0.062041666,0.7963542
4000,12.0,1.0,1.0,0.48489583,0.31145832,,0.03071875,0.871875
4000,12.0,2.0,0.0,0.51354164,0.25104168,,0.063,0.7828125
4000,12.0,3.0,1.0,0.4953125,0.290625,,0.029447917,0.8619792
4000,13.0,0.0,0.0,0.50625,0.27604166,,0.06554166,0.7875
4000,13.0,1.0,1.0,0.48489583,0.28229168,,0.031135416,0.87083334
4000,13.0,2.0,0.0,0.51354164,0.22083333,,0.06194792,0.7885417
4000,13.0,3.0,1.0,0.4953125,0.28125,,0.02865625,0.8671875
4000,14.0,0.0,0.0,0.50625,0.27395833,,0.061458334,0.7984375
4000,14.0,1.0,1.0,0.48489583,0.29791668,,0.031072916,0.86875
4000,14.0,2.0,0.0,0.51354164,0.265625,,0.060229167,0.7916667
4000,14.0,3.0,1.0,0.4953125,0.28645834,,0.026583334,0.87135416
4000,15.0,0.0,0.0,0.50625,0.26875,,0.059843753,0.80052084
4000,15.0,1.0,1.0,0.48489583,0.28958333,,0.028052084,0.87291664
4000,15.0,2.0,0.0,0.51354164,0.27083334,,0.05523958,0.80104166
4000,15.0,3.0,1.0,0.4953125,0.25833333,,0.024572916,0.87291664
4000,16.0,0.0,0.0,0.50625,0.25104168,,0.05675,0.80625
4000,16.0,1.0,1.0,0.48489583,0.30520833,,0.025249999,0.88177085
4000,16.0,2.0,0.0,0.51354164,0.23541667,,0.057739582,0.7994792
4000,16.0,3.0,1.0,0.4953125,0.31875,,0.023104167,0.8744792
4000,17.0,0.0,0.0,0.50625,0.25729167,,0.054010414,0.8119792
4000,17.0,1.0,1.0,0.48489583,0.29895833,,0.025510417,0.88645834
4000,17.0,2.0,0.0,0.51354164,0.23854166,,0.054520834,0.8041667
4000,17.0,3.0,1.0,0.4953125,0.29791668,,0.023364583,0.8765625
4000,18.0,0.0,0.0,0.50625,0.246875,,0.051916666,0.8130208
4000,18.0,1.0,1.0,0.48489583,0.32083333,,0.024104167,0.88697916
4000,18.0,2.0,0.0,0.51354164,0.28854167,,0.053781252,0.8041667
4000,18.0,3.0,1.0,0.4953125,0.31979167,,0.021333333,0.88489586
4000,19.0,0.0,0.0,0.50625,0.26979166,,0.054927085,0.80677086
4000,19.0,1.0,1.0,0.48489583,0.321875,,0.023468751,0.88958335
4000,19.0,2.0,0.0,0.51354164,0.24791667,,0.0495,0.80833334
4000,19.0,3.0,1.0,0.4953125,0.30208334,,0.020604167,0.88645834
4000,20.0,0.0,0.0,0.50625,0.29583332,,0.050375,0.8177083
4000,20.0,1.0,1.0,0.48489583,0.31666666,,0.022260418,0.8901042
4000,20.0,2.0,0.0,0.51354164,0.23854166,,0.050510414,0.81041664
4000,20.0,3.0,1.0,0.4953125,0.31979167,,0.020083334,0.8854167
4000,21.0,0.0,0.0,0.50625,0.321875,,0.05086458,0.81822914
4000,21.0,1.0,1.0,0.48489583,0.30729166,,0.019749999,0.89739585
4000,21.0,2.0,0.0,0.51354164,0.23333333,,0.04852083,0.81041664
4000,21.0,3.0,1.0,0.4953125,0.32083333,,0.01965625,0.88385415
4000,22.0,0.0,0.0,0.50625,0.26354167,,0.049854167,0.81614584
4000,22.0,1.0,1.0,0.48489583,0.33020833,,0.019479167,0.89635414
4000,22.0,2.0,0.0,0.51354164,0.27395833,,0.047104165,0.81614584
4000,22.0,3.0,1.0,0.4953125,0.31145832,,0.018208332,0.8880208
4000,23.0,0.0,0.0,0.50625,0.27604166,,0.047999997,0.82135415
4000,23.0,1.0,1.0,0.48489583,0.309375,,0.021770833,0.89375
4000,23.0,2.0,0.0,0.51354164,0.28020832,,0.04545833,0.81822914
4000,23.0,3.0,1.0,0.4953125,0.29375,,0.017635416,0.8880208
4000,24.0,0.0,0.0,0.50625,0.27395833,,0.04753125,0.82395834
4000,24.0,1.0,1.0,0.48489583,0.36875,,0.017916668,0.9015625
4000,24.0,2.0,0.0,0.51354164,0.28229168,,0.044791665,0.8208333
4000,24.0,3.0,1.0,0.4953125,0.32604167,,0.017552083,0.89375
4000,25.0,0.0,0.0,0.50625,0.29375,,0.04734375,0.821875
4000,25.0,1.0,1.0,0.48489583,0.284375,,0.017541667,0.89947915
4000,25.0,2.0,0.0,0.51354164,0.26458332,,0.04655208,0.81927085
4000,25.0,3.0,1.0,0.4953125,0.33854166,,0.01684375,0.89270836
4000,26.0,0.0,0.0,0.50625,0.28229168,,0.047364585,0.82395834
4000,26.0,1.0,1.0,0.48489583,0.30729166,,0.016354166,0.903125
4000,26.0,2.0,0.0,0.51354164,0.20729166,,0.044333335,0.82395834
4000,26.0,3.0,1.0,0.4953125,0.29166666,,0.016427083,0.8953125
4000,27.0,0.0,0.0,0.50625,0.31354168,,0.046791665,0.82604164
4000,27.0,1.0,1.0,0.48489583,0.31875,,0.014416667,0.90833336
4000,27.0,2.0,0.0,0.51354164,0.28958333,,0.044677082,0.82604164
4000,27.0,3.0,1.0,0.4953125,0.296875,,0.016364584,0.89947915
4000,28.0,0.0,0.0,0.50625,0.31145832,,0.0451875,0.8276042
4000,28.0,1.0,1.0,0.48489583,0.32916668,,0.0150625,0.90625
4000,28.0,2.0,0.0,0.51354164,0.26666668,,0.04264583,0.82604164
4000,28.0,3.0,1.0,0.4953125,0.30416667,,0.017302085,0.89427084
4000,29.0,0.0,0.0,0.50625,0.259375,,0.04540625,0.828125
4000,29.0,1.0,1.0,0.48489583,0.35208333,,0.01565625,0.90729165
4000,29.0,2.0,0.0,0.51354164,0.28125,,0.043989584,0.8203125
4000,29.0,3.0,1.0,0.4953125,0.30208334,,0.015239583,0.89947915
4000,30.0,0.0,0.0,0.50625,0.29479167,,0.045645833,0.82708335
4000,30.0,1.0,1.0,0.48489583,0.3125,,0.014489583,0.90989584
4000,30.0,2.0,0.0,0.51354164,0.284375,,0.042260416,0.82604164
4000,30.0,3.0,1.0,0.4953125,0.315625,,0.01565625,0.896875
4000,31.0,0.0,0.0,0.50625,0.315625,,0.045177083,0.8255208
4000,31.0,1.0,1.0,0.48489583,0.3375,,0.013770833,0.91197914
4000,31.0,2.0,0.0,0.51354164,0.25625,,0.042875,0.825
4000,31.0,3.0,1.0,0.4953125,0.34166667,,0.0148645835,0.9010417
4000,32.0,0.0,0.0,0.50625,0.240625,,0.043312497,0.8307292
4000,32.0,1.0,1.0,0.48489583,0.315625,,0.014364583,0.9135417
4000,32.0,2.0,0.0,0.51354164,0.253125,,0.0431875,0.821875
4000,32.0,3.0,1.0,0.4953125,0.334375,,0.014354167,0.903125
4000,33.0,0.0,0.0,0.50625,0.296875,,0.042197917,0.8354167
4000,33.0,1.0,1.0,0.48489583,0.33958334,,0.013197917,0.91770834
4000,33.0,2.0,0.0,0.51354164,0.259375,,0.042260416,0.82239586
4000,33.0,3.0,1.0,0.4953125,0.27291667,,0.013697918,0.90520835
4000,34.0,0.0,0.0,0.50625,0.26145834,,0.04178125,0.83697915
4000,34.0,1.0,1.0,0.48489583,0.28645834,,0.013218749,0.91614586
4000,34.0,2.0,0.0,0.51354164,0.26354167,,0.041333333,0.82239586
4000,34.0,3.0,1.0,0.4953125,0.30625,,0.014572917,0.9015625
4000,35.0,0.0,0.0,0.50625,0.259375,,0.043958332,0.83020836
4000,35.0,1.0,1.0,0.48489583,0.32291666,,0.012322917,0.9166667
4000,35.0,2.0,0.0,0.51354164,0.27291667,,0.042,0.8229167
4000,35.0,3.0,1.0,0.4953125,0.3125,,0.013791666,0.90729165
4000,36.0,0.0,0.0,0.50625,0.32083333,,0.044072915,0.83697915
4000,36.0,1.0,1.0,0.48489583,0.31354168,,0.01171875,0.9223958
4000,36.0,2.0,0.0,0.51354164,0.22604166,,0.042437498,0.8265625
4000,36.0,3.0,1.0,0.4953125,0.32708332,,0.0121145835,0.9114583
4000,37.0,0.0,0.0,0.50625,0.3125,,0.04232292,0.83489585
4000,37.0,1.0,1.0,0.48489583,0.32291666,,0.012666667,0.9171875
4000,37.0,2.0,0.0,0.51354164,0.26875,,0.0405625,0.828125
4000,37.0,3.0,1.0,0.4953125,0.30416667,,0.01296875,0.9109375
4000,38.0,0.0,0.0,0.50625,0.27083334,,0.042802084,0.83385414
4000,38.0,1.0,1.0,0.48489583,0.31145832,,0.012875,0.915625
4000,38.0,2.0,0.0,0.51354164,0.26458332,,0.04120833,0.8276042
4000,38.0,3.0,1.0,0.4953125,0.35208333,,0.012302084,0.91041666
4000,39.0,0.0,0.0,0.50625,0.27916667,,0.044218753,0.83229166
4000,39.0,1.0,1.0,0.48489583,0.29583332,,0.012958333,0.9145833
4000,39.0,2.0,0.0,0.51354164,0.25833333,,0.038677085,0.83229166
4000,39.0,3.0,1.0,0.4953125,0.27708334,,0.012229166,0.9125
5000,0.0,0.0,0.0,0.484375,-0.1875,,0.401875,0.40625
5000,0.0,1.0,1.0,0.421875,0.15625,,0.29218748,0.515625
5000,0.0,2.0,0.0,0.53125,-0.125,,0.3384375,0.546875
5000,0.0,3.0,1.0,0.5625,0.0625,,0.1671875,0.65625
5000,1.0,0.0,0.0,0.484375,0.0625,,0.12875,0.75
5000,1.0,1.0,1.0,0.421875,0.3125,,0.140625,0.71875
5000,1.0,2.0,0.0,0.53125,0.0625,,0.1440625,0.703125
5000,1.0,3.0,1.0,0.5625,0.25,,0.09125,0.71875
5000,2.0,0.0,0.0,0.484375,0.1875,,0.14656249,0.6875
5000,2.0,1.0,1.0,0.421875,0.40625,,0.0653125,0.8125
5000,2.0,2.0,0.0,0.53125,0.03125,,0.2403125,0.625
5000,2.0,3.0,1.0,0.5625,0.21875,,0.0609375,0.75
5000,3.0,0.0,0.0,0.484375,0.1875,,0.04,0.84375
5000,3.0,1.0,1.0,0.421875,0.34375,,0.0496875,0.828125
5000,3.0,2.0,0.0,0.53125,0.28125,,0.10968749,0.75
5000,3.0,3.0,1.0,0.5625,0.28125,,0.049999997,0.78125
5000,4.0,0.0,0.0,0.484375,0.125,,0.1053125,0.71875
5000,4.0,1.0,1.0,0.421875,0.4375,,0.0534375,0.8125
5000,4.0,2.0,0.0,0.53125,0.0625,,0.092499994,0.765625
5000,4.0,3.0,1.0,0.5625,0.28125,,0.0275,0.859375
5000,5.0,0.0,0.0,0.484375,0.21875,,0.059062503,0.796875
5000,5.0,1.0,1.0,0.421875,0.25,,0.031875,0.875
5000,5.0,2.0,0.0,0.53125,0.28125,,0.07375,0.8125
5000,5.0,3.0,1.0,0.5625,0.375,,0.045625,0.796875
5000,6.0,0.0,0.0,0.484375,0.21875,,0.09343749,0.75
5000,6.0,1.0,1.0,0.421875,0.4375,,0.034375,0.859375
5000,6.0,2.0,0.0,0.53125,0.0625,,0.069375,0.796875
5000,6.0,3.0,1.0,0.5625,0.25,,0.044999998,0.875
5000,7.0,0.0,0.0,0.484375,0.25,,0.06937499,0.78125
5000,7.0,1.0,1.0,0.421875,0.375,,0.034375,0.859375
5000,7.0,2.0,0.0,0.53125,0.15625,,0.0703125,0.796875
5000,7.0,3.0,1.0,0.5625,0.3125,,0.028125,0.90625
5000,8.0,0.0,0.0,0.484375,0.25,,0.079687506,0.75
5000,8.0,1.0,1.0,0.421875,0.3125,,0.024375001,0.90625
5000,8.0,2.0,0.0,0.53125,0.15625,,0.0625,0.8125
5000,8.0,3.0,1.0,0.5625,0.25,,0.0240625,0.90625
5000,9.0,0.0,0.0,0.484375,0.21875,,0.0653125,0.796875
5000,9.0,1.0,1.0,0.421875,0.5,,0.03375,0.875
5000,9.0,2.0,0.0,0.53125,0.28125,,0.046249997,0.828125
5000,9.0,3.0,1.0,0.5625,0.21875,,0.053124998,0.84375
5000,10.0,0.0,0.0,0.484375,0.28125,,0.053437497,0.84375
5000,10.0,1.0,1.0,0.421875,0.5,,0.024062501,0.921875
5000,10.0,2.0,0.0,0.53125,0.3125,,0.044999998,0.84375
5000,10.0,3.0,1.0,0.5625,0.21875,,0.0309375,0.890625
5000,11.0,0.0,0.0,0.484375,0.125,,0.062499996,0.8125
5000,11.0,1.0,1.0,0.421875,0.375,,0.0253125,0.90625
5000,11.0,2.0,0.0,0.53125,0.3125,,0.0390625,0.828125
5000,11.0,3.0,1.0,0.5625,0.3125,,0.020312501,0.921875
5000,12.0,0.0,0.0,0.484375,0.0,,0.0559375,0.796875
5000,12.0,1.0,1.0,0.421875,0.4375,,0.021250002,0.921875
5000,12.0,2.0,0.0,0.53125,0.1875,,0.0371875,0.859375
5000,12.0,3.0,1.0,0.5625,0.28125,,0.0115625,0.9375
5000,13.0,0.0,0.0,0.484375,0.28125,,0.044062503,0.84375
5000,13.0,1.0,1.0,0.421875,0.28125,,0.0225,0.921875
5000,13.0,2.0,0.0,0.53125,0.21875,,0.04,0.84375
5000,13.0,3.0,1.0,0.5625,0.4375,,0.00375,0.953125
5000,14.0,0.0,0.0,0.484375,0.25,,0.075624995,0.765625
5000,14.0,1.0,1.0,0.421875,0.4375,,0.018125001,0.921875
5000,14.0,2.0,0.0,0.53125,0.375,,0.0478125,0.859375
5000,14.0,3.0,1.0,0.5625,0.46875,,0.0178125,0.90625
5000,15.0,0.0,0.0,0.484375,0.25,,0.051875,0.8125
5000,15.0,1.0,1.0,0.421875,0.34375,,0.026250001,0.890625
5000,15.0,2.0,0.0,0.53125,0.28125,,0.0378125,0.84375
5000,15.0,3.0,1.0,0.5625,0.3125,,0.0253125,0.890625
5000,16.0,0.0,0.0,0.484375,0.28125,,0.0453125,0.828125
5000,16.0,1.0,1.0,0.421875,0.375,,0.0096875,0.9375
5000,16.0,2.0,0.0,0.53125,0.3125,,0.043125,0.859375
5000,16.0,3.0,1.0,0.5625,0.375,,0.0140625,0.90625
5000,17.0,0.0,0.0,0.484375,0.09375,,0.044375002,0.828125
5000,17.0,1.0,1.0,0.421875,0.3125,,0.014375,0.921875
5000,17.0,2.0,0.0,0.53125,0.28125,,0.0290625,0.859375
5000,17.0,3.0,1.0,0.5625,0.3125,,0.01,0.9375
5000,18.0,0.0,0.0,0.484375,0.15625,,0.044062503,0.84375
5000,18.0,1.0,1.0,0.421875,0.34375,,0.024375,0.890625
5000,18.0,2.0,0.0,0.53125,0.25,,0.04375,0.84375
5000,18.0,3.0,1.0,0.5625,0.5,,0.024687499,0.890625
5000,19.0,0.0,0.0,0.484375,0.28125,,0.0465625,0.828125
5000,19.0,1.0,1.0,0.421875,0.3125,,0.01875,0.90625
5000,19.0,2.0,0.0,0.53125,0.0,,0.0315625,0.890625
5000,19.0,3.0,1.0,0.5625,0.375,,0.025,0.875
5000,20.0,0.0,0.0,0.484375,0.34375,,0.0509375,0.796875
5000,20.0,1.0,1.0,0.421875,0.5,,0.0175,0.921875
5000,20.0,2.0,0.0,0.53125,0.09375,,0.02125,0.890625
5000,20.0,3.0,1.0,0.5625,0.3125,,0.024687499,0.890625
5000,21.0,0.0,0.0,0.484375,0.21875,,0.0421875,0.84375
5000,21.0,1.0,1.0,0.421875,0.5,,0.020312501,0.90625
5000,21.0,2.0,0.0,0.53125,0.34375,,0.044999998,0.84375
5000,21.0,3.0,1.0,0.5625,0.3125,,0.01875,0.921875
5000,22.0,0.0,0.0,0.484375,0.28125,,0.0434375,0.84375
5000,22.0,1.0,1.0,0.421875,0.28125,,0.01875,0.90625
5000,22.0,2.0,0.0,0.53125,0.21875,,0.03375,0.859375
5000,22.0,3.0,1.0,0.5625,0.21875,,0.025,0.875
5000,23.0,0.0,0.0,0.484375,0.375,,0.0440625,0.828125
5000,23.0,1.0,1.0,0.421875,0.40625,,0.014375,0.921875
5000,23.0,2.0,0.0,0.53125,0.25,,0.0390625,0.84375
5000,23.0,3.0,1.0,0.5625,0.28125,,0.02125,0.90625
5000,24.0,0.0,0.0,0.484375,0.34375,,0.050625,0.828125
5000,24.0,1.0,1.0,0.421875,0.375,,0.0159375,0.921875
5000,24.0,2.0,0.0,0.53125,0.15625,,0.03875,0.859375
5000,24.0,3.0,1.0,0.5625,0.4375,,0.018437501,0.90625
5000,25.0,0.0,0.0,0.484375,0.375,,0.040937502,0.859375
5000,25.0,1.0,1.0,0.421875,0.28125,,0.01375,0.921875
5000,25.0,2.0,0.0,0.53125,0.4375,,0.03375,0.859375
5000,25.0,3.0,1.0,0.5625,0.21875,,0.022187501,0.90625
5000,26.0,0.0,0.0,0.484375,0.25,,0.04125,0.84375
5000,26.0,1.0,1.0,0.421875,0.21875,,0.0131250005,0.9375
5000,26.0,2.0,0.0,0.53125,0.28125,,0.0284375,0.84375
5000,26.0,3.0,1.0,0.5625,0.1875,,0.02125,0.90625
5000,27.0,0.0,0.0,0.484375,0.4375,,0.040937502,0.859375
5000,27.0,1.0,1.0,0.421875,0.4375,,0.0131250005,0.9375
5000,27.0,2.0,0.0,0.53125,-0.03125,,0.03375,0.859375
5000,27.0,3.0,1.0,0.5625,0.4375,,0.0159375,0.90625
5000,28.0,0.0,0.0,0.484375,0.40625,,0.040937502,0.859375
5000,28.0,1.0,1.0,0.421875,0.28125,,0.016875,0.921875
5000,28.0,2.0,0.0,0.53125,0.3125,,0.026562499,0.875
5000,28.0,3.0,1.0,0.5625,0.125,,0.0128125,0.90625
5000,29.0,0.0,0.0,0.484375,0.21875,,0.04125,0.84375
5000,29.0,1.0,1.0,0.421875,0.1875,,0.0131250005,0.9375
5000,29.0,2.0,0.0,0.53125,0.28125,,0.034375,0.84375
5000,29.0,3.0,1.0,0.5625,0.3125,,0.0134375,0.921875
5000,30.0,0.0,0.0,0.484375,0.09375,,0.03375,0.875
5000,30.0,1.0,1.0,0.421875,0.28125,,0.0131250005,0.9375
5000,30.0,2.0,0.0,0.53125,0.5625,,0.030625,0.84375
5000,30.0,3.0,1.0,0.5625,0.25,,0.0096875,0.921875
5000,31.0,0.0,0.0,0.484375,0.28125,,0.040937502,0.859375
5000,31.0,1.0,1.0,0.421875,0.28125,,0.0131250005,0.9375
5000,31.0,2.0,0.0,0.53125,0.15625,,0.0315625,0.84375
5000,31.0,3.0,1.0,0.5625,0.1875,,0.0096875,0.921875
5000,32.0,0.0,0.0,0.484375,0.375,,0.0421875,0.84375
5000,32.0,1.0,1.0,0.421875,0.40625,,0.0131250005,0.9375
5000,32.0,2.0,0.0,0.53125,0.3125,,0.023125,0.875
5000,32.0,3.0,1.0,0.5625,0.53125,,0.0115625,0.921875
5000,33.0,0.0,0.0,0.484375,0.15625,,0.040937502,0.859375
5000,33.0,1.0,1.0,0.421875,0.34375,,0.0131250005,0.9375
5000,33.0,2.0,0.0,0.53125,0.25,,0.025,0.875
5000,33.0,3.0,1.0,0.5625,0.28125,,0.0090625,0.9375
5000,34.0,0.0,0.0,0.484375,0.28125,,0.040937502,0.859375
5000,34.0,1.0,1.0,0.421875,0.375,,0.0131250005,0.9375
5000,34.0,2.0,0.0,0.53125,0.125,,0.0321875,0.859375
5000,34.0,3.0,1.0,0.5625,0.53125,,0.0090625,0.9375
5000,35.0,0.0,0.0,0.484375,0.21875,,0.040937502,0.859375
5000,35.0,1.0,1.0,0.421875,0.34375,,0.0096875,0.953125
5000,35.0,2.0,0.0,0.53125,0.34375,,0.025,0.875
5000,35.0,3.0,1.0,0.5625,0.40625,,0.018125,0.921875
5000,36.0,0.0,0.0,0.484375,0.3125,,0.040937502,0.859375
5000,36.0,1.0,1.0,0.421875,0.375,,0.0096875,0.953125
5000,36.0,2.0,0.0,0.53125,0.28125,,0.024687499,0.859375
5000,36.0,3.0,1.0,0.5625,0.125,,0.00375,0.953125
5000,37.0,0.0,0.0,0.484375,0.21875,,0.040937502,0.859375
5000,37.0,1.0,1.0,0.421875,0.34375,,0.0050000004,0.96875
5000,37.0,2.0,0.0,0.53125,0.34375,,0.025,0.875
5000,37.0,3.0,1.0,0.5625,0.28125,,0.0040625,0.9375
5000,38.0,0.0,0.0,0.484375,0.46875,,0.040937502,0.859375
5000,38.0,1.0,1.0,0.421875,0.34375,,0.0084375,0.953125
5000,38.0,2.0,0.0,0.53125,0.0,,0.025625,0.859375
5000,38.0,3.0,1.0,0.5625,0.40625,,0.00375,0.953125
5000,39.0,0.0,0.0,0.484375,0.28125,,0.040937502,0.859375
5000,39.0,1.0,1.0,0.421875,0.5,,0.0050000004,0.96875
5000,39.0,2.0,0.0,0.53125,0.15625,,0.025,0.875
5000,39.0,3.0,1.0,0.5625,0.15625,,0.0071874997,0.9375
