agent,cognitive_model,run,nll,bic,beta,alpha,alpha_pos,alpha_neg,reward,options,q_initial
claude-1,Model_1alpha,0,22.638648595186922,54.405993573309516,24.544010852307725,0.1316331982284198,,,0.5_-0.5,2.0,0.0
claude-1,Model_1alpha,1,31.2009215792007,71.53053954133708,6.336766246315193,0.9153473599495763,,,0.5_-0.5,2.0,0.0
claude-1,Model_1alpha,2,50.35342243761085,109.83554125815738,3.8214580764974118,0.7494596416680392,,,0.5_-0.5,2.0,0.0
claude-1,Model_1alpha,3,55.02614943320805,119.18099524935177,5.8420095100405804,0.335637158728218,,,0.5_-0.5,2.0,0.0
claude-1,Model_1alpha,4,24.561680634480876,58.252057651897424,14.895043274800353,0.321520506512864,,,0.5_-0.5,2.0,0.0
claude-1,Model_1alpha,5,50.50374409979024,110.13618458251615,2.8265354514142116,0.6776634522655028,,,0.5_-0.5,2.0,0.0
claude-1,Model_1alpha,6,35.216348742384035,79.56139386770374,7.104085230067027,0.4420559406593243,,,0.5_-0.5,2.0,0.0
claude-1,Model_1alpha,7,18.27685250114492,45.68240138522551,19.1064910331379,0.11391463238329437,,,0.5_-0.5,2.0,0.0
claude-1,Model_1alpha,8,26.63474967655516,62.39819573604599,13.432372904261742,0.1374396716706488,,,0.5_-0.5,2.0,0.0
claude-1,Model_1alpha,9,64.03053803791359,137.18977245876283,1.1752779140668217,0.7906409438487597,,,0.5_-0.5,2.0,0.0
claude-1,Model_1alpha,10,52.22556183806663,113.57982005906894,3.3658953867807964,0.5302206743758364,,,0.5_-0.5,2.0,0.0
claude-1,Model_1alpha,11,44.749179710854506,98.62705580464468,4.754278009700515,0.550385407404943,,,0.5_-0.5,2.0,0.0
claude-1,Model_1alpha,12,53.21713754197506,115.5629714668858,1.9902674445013262,0.9799698347160858,,,0.5_-0.5,2.0,0.0
claude-1,Model_1alpha,13,48.73038090029672,106.58945818352912,4.3036350513681025,0.7628262218947167,,,0.5_-0.5,2.0,0.0
claude-1,Model_1alpha,14,53.72609571728236,116.5808878175004,11.57206235640895,0.04909525719202364,,,0.5_-0.5,2.0,0.0
claude-1,Model_1alpha,15,35.25596927558464,79.64063493410495,7.901603805186687,0.3783907983952504,,,0.5_-0.5,2.0,0.0
claude-1,Model_1alpha,16,52.53490679959032,114.1985099821163,9.349539097611954,0.05864628324757186,,,0.5_-0.5,2.0,0.0
claude-1,Model_1alpha,17,35.48291413197869,80.09452464689305,15.20230485785502,0.10409209029962735,,,0.5_-0.5,2.0,0.0
claude-1,Model_1alpha,18,49.84343588135521,108.8155681456461,2.057013281869193,0.9706464080036948,,,0.5_-0.5,2.0,0.0
claude-1,Model_1alpha,19,49.796206951291076,108.72111028551782,4.182467502728168,0.2498931591416177,,,0.5_-0.5,2.0,0.0
claude-1,Model_1alpha,20,65.14268166757915,139.414059718094,1.2287774310807025,0.9686863379330356,,,0.5_-0.5,2.0,0.0
claude-1,Model_1alpha,21,43.5529981982135,96.23469277936267,6.010501450122999,0.9922727805747241,,,0.5_-0.5,2.0,0.0
claude-1,Model_1alpha,22,25.253586983283437,59.63587034950255,21.346292101136246,0.10656442411402364,,,0.5_-0.5,2.0,0.0
claude-1,Model_1alpha,23,52.80596457529188,114.74062553351943,3.044282333476815,0.4853529461358297,,,0.5_-0.5,2.0,0.0
claude-1,Model_1alpha,24,51.88762733617945,112.90395105529457,3.878158243338503,0.399272670264808,,,0.5_-0.5,2.0,0.0
claude-1,Model_1alpha,25,52.947758317482304,115.02421301790028,14.409182037857425,0.04582294873520597,,,0.5_-0.5,2.0,0.0
claude-1,Model_1alpha,26,52.23728374838886,113.6032638797134,4.279024936175463,0.4652402063757384,,,0.5_-0.5,2.0,0.0
claude-1,Model_1alpha,27,54.414469689581466,117.9576357620986,3.451225657837765,0.7738815317674109,,,0.5_-0.5,2.0,0.0
claude-1,Model_1alpha,28,63.019819746127794,135.16833587519125,1.3740052256141477,0.9773345336026753,,,0.5_-0.5,2.0,0.0
claude-1,Model_1alpha,29,45.07815060849076,99.28499759991719,13.78794991188675,0.08742865044787511,,,0.5_-0.5,2.0,0.0
claude-1,Model_1alpha,30,60.22701128940134,129.58271896173835,1.9455173023626806,0.6126437308869919,,,0.5_-0.5,2.0,0.0
claude-1,Model_1alpha,31,26.11545289004126,61.359602163018195,18.671323025751363,0.13950350803234363,,,0.5_-0.5,2.0,0.0
claude-1,Model_1alpha,32,67.96588625645394,145.06046889584354,0.5055270149918892,0.9155978642866239,,,0.5_-0.5,2.0,0.0
claude-1,Model_1alpha,33,56.971003658449256,123.07070369983418,2.29162339877937,0.8321231402498502,,,0.5_-0.5,2.0,0.0
claude-1,Model_1alpha,34,33.70361806636861,76.5359325156729,7.78371860393514,0.5664328941142481,,,0.5_-0.5,2.0,0.0
claude-1,Model_1alpha,35,36.99619332396026,83.1210830308562,8.453140688248677,0.2752146656349059,,,0.5_-0.5,2.0,0.0
claude-1,Model_1alpha,36,67.89502973785048,144.91875585863664,0.8892238361802004,0.3712092550526513,,,0.5_-0.5,2.0,0.0
claude-1,Model_1alpha,37,52.64192704027109,114.41255046347786,2.2206081043277557,0.8334898587505642,,,0.5_-0.5,2.0,0.0
claude-1,Model_1alpha,38,40.78508091234363,90.69885820762293,3.8993362843653965,0.8530733650859629,,,0.5_-0.5,2.0,0.0
claude-1,Model_1alpha,39,55.347878124029926,119.82445263099552,9.192088433865424,0.0492220546373884,,,0.5_-0.5,2.0,0.0
claude-1,Model_1alpha,40,53.93342869860837,116.9955537801524,4.761793107646486,0.2501920510662115,,,0.5_-0.5,2.0,0.0
claude-1,Model_1alpha,41,63.8565819381029,136.84186025914147,1.4622306326923042,0.793961502706072,,,0.5_-0.5,2.0,0.0
claude-1,Model_1alpha,42,58.67293006390065,126.47455651073697,2.2713514740174867,0.5653677305451775,,,0.5_-0.5,2.0,0.0
claude-1,Model_1alpha,43,51.435348351805445,111.99939308654656,3.3370312568382157,0.7409159173395032,,,0.5_-0.5,2.0,0.0
claude-1,Model_1alpha,44,39.434006788444144,87.99670995982396,8.817532804246659,0.31460422472151345,,,0.5_-0.5,2.0,0.0
claude-1,Model_1alpha,45,53.93499222716882,116.99868083727331,2.9404024145470817,0.9691848950187179,,,0.5_-0.5,2.0,0.0
claude-1,Model_1alpha,46,59.08267099344632,127.29403836982831,1.632747098103962,0.9726225191577363,,,0.5_-0.5,2.0,0.0
claude-1,Model_1alpha,47,61.60521821820451,132.33913281934468,2.845820867153253,0.197541498675347,,,0.5_-0.5,2.0,0.0
claude-1,Model_1alpha,48,48.167784957335,105.46426629760568,10.552131466721251,0.08612978365859245,,,0.5_-0.5,2.0,0.0
claude-1,Model_1alpha,49,30.03329978806115,69.19529595905797,23.105775576674574,0.14259526611162915,,,0.5_-0.5,2.0,0.0
claude-1,Model_2alpha,0,20.804607309234186,55.30225919287188,14.590000616523072,,0.26673806148890866,0.11584733767251826,0.5_-0.5,2.0,0.0
claude-1,Model_2alpha,1,16.579521008671044,46.852086591745596,10.735535500583227,,0.8618400039231865,0.028957397267846744,0.5_-0.5,2.0,0.0
claude-1,Model_2alpha,2,8.966019574558473,31.625083723520454,12.225120149889937,,0.865267258730111,0.03906327733749019,0.5_-0.5,2.0,0.0
claude-1,Model_2alpha,3,13.31322880405475,40.319502182513006,10.344858729450666,,0.7187060487008163,0.059553683290606126,0.5_-0.5,2.0,0.0
claude-1,Model_2alpha,4,13.791200781603337,41.27544613761018,13.395829010220185,,0.8633415718971447,0.08625775135018782,0.5_-0.5,2.0,0.0
claude-1,Model_2alpha,5,10.904029487098187,35.501103548599886,12.41915321022272,,0.8920130716568452,0.0394261546792667,0.5_-0.5,2.0,0.0
claude-1,Model_2alpha,6,9.549211459485239,32.791467493373986,13.89336737684877,,0.9139999838790062,0.12027415159708536,0.5_-0.5,2.0,0.0
claude-1,Model_2alpha,7,11.16136920143336,36.01578297727023,10.978085068035615,,0.7923248974027604,0.015739186063122846,0.5_-0.5,2.0,0.0
claude-1,Model_2alpha,8,25.391030649209576,64.47510587282267,9.852082688267073,,0.2529858679525077,0.09877499630529744,0.5_-0.5,2.0,0.0
claude-1,Model_2alpha,9,7.799921299634851,29.292887173673208,11.614772640793529,,0.8387447149328674,0.008449951119737663,0.5_-0.5,2.0,0.0
claude-1,Model_2alpha,10,16.32786727661151,46.34877912762653,11.435168614778735,,0.855235973783997,0.04802691088489065,0.5_-0.5,2.0,0.0
claude-1,Model_2alpha,11,8.205217577248474,30.103479728900457,12.125533885723469,,0.8382195733197533,0.04338818511395625,0.5_-0.5,2.0,0.0
claude-1,Model_2alpha,12,12.863506791545479,39.420058157494466,10.72108526200656,,0.6079989865337724,0.01361479561172185,0.5_-0.5,2.0,0.0
claude-1,Model_2alpha,13,13.077394543294652,39.84783366099281,12.01062270931227,,0.894972643236354,0.04698533210615593,0.5_-0.5,2.0,0.0
claude-1,Model_2alpha,14,7.610910508594953,28.914865591593415,11.878966000961807,,0.833557231899155,0.0381364342807087,0.5_-0.5,2.0,0.0
claude-1,Model_2alpha,15,16.46244956270901,46.61794369982153,11.501266941704415,,0.7927634274126302,0.12841940419734205,0.5_-0.5,2.0,0.0
claude-1,Model_2alpha,16,7.026873887083944,27.746792348571397,11.535973281543763,,0.817677884526915,0.018669752165660636,0.5_-0.5,2.0,0.0
claude-1,Model_2alpha,17,8.073209164929892,29.839462904263293,12.47708525667337,,0.8400370804174322,0.07156227328951886,0.5_-0.5,2.0,0.0
claude-1,Model_2alpha,18,8.913062552487826,31.51916967937916,12.215196676803867,,0.8862614060156285,0.03468975785108734,0.5_-0.5,2.0,0.0
claude-1,Model_2alpha,19,10.561771876364077,34.81658832713166,13.981503684490514,,0.5507831364722874,0.058986153794635496,0.5_-0.5,2.0,0.0
claude-1,Model_2alpha,20,14.137821952623742,41.96868847965099,10.75290991208024,,0.8810178672282777,0.046488035964404886,0.5_-0.5,2.0,0.0
claude-1,Model_2alpha,21,43.63500742569668,100.96305942579687,6.226782280238506,,0.8583007228399951,0.9940640193943259,0.5_-0.5,2.0,0.0
claude-1,Model_2alpha,22,17.34443075677836,48.38190608796023,9.209697881657739,,0.6280781132279686,0.07263443740485771,0.5_-0.5,2.0,0.0
claude-1,Model_2alpha,23,9.469804315010165,32.63265320442384,12.387386294237123,,0.8597437111727189,0.049114019658094296,0.5_-0.5,2.0,0.0
claude-1,Model_2alpha,24,11.20766112577129,36.10836682594609,11.496724262866866,,0.8246050024435545,0.05156041038068288,0.5_-0.5,2.0,0.0
claude-1,Model_2alpha,25,13.855753442923008,41.40455146024952,13.67784798458218,,0.30672678153670324,0.018945914718567977,0.5_-0.5,2.0,0.0
claude-1,Model_2alpha,26,9.87752567511995,33.44809592464341,11.253256745683721,,0.8225978813962801,0.008290772443646094,0.5_-0.5,2.0,0.0
claude-1,Model_2alpha,27,11.280421608518308,36.25388779144012,11.62216140699226,,0.9125152587956237,0.009757529709077575,0.5_-0.5,2.0,0.0
claude-1,Model_2alpha,28,12.05789881758318,37.80884220956987,11.105771261397079,,0.8406774119382278,0.003411520480277659,0.5_-0.5,2.0,0.0
claude-1,Model_2alpha,29,12.460424546119913,38.613893666643335,12.521241377122553,,0.4132306850156719,0.045737058325117805,0.5_-0.5,2.0,0.0
claude-1,Model_2alpha,30,7.718557438131516,29.13015945066654,11.75012358095917,,0.8878392488539952,0.02291947910826732,0.5_-0.5,2.0,0.0
claude-1,Model_2alpha,31,12.889009164468789,39.471062903341085,11.32465254897095,,0.8174520008837703,0.0390582842869425,0.5_-0.5,2.0,0.0
claude-1,Model_2alpha,32,7.756665876049576,29.20637632650266,11.754972862360022,,0.8783799032990739,0.0171226185969763,0.5_-0.5,2.0,0.0
claude-1,Model_2alpha,33,11.176246893092657,36.04553836058882,11.3869986569885,,0.8223557505919494,0.01638831586749479,0.5_-0.5,2.0,0.0
claude-1,Model_2alpha,34,10.286994075371645,34.2670327251468,14.121313791423278,,0.9043224268475493,0.11642819046163985,0.5_-0.5,2.0,0.0
claude-1,Model_2alpha,35,8.09454186162398,29.88212829765147,12.38597311487603,,0.8947120986537194,0.07273600557848732,0.5_-0.5,2.0,0.0
claude-1,Model_2alpha,36,21.69643707288402,57.08591872017155,10.019910899751332,,0.37239163369400263,0.012387361635051887,0.5_-0.5,2.0,0.0
claude-1,Model_2alpha,37,9.101033335830536,31.89511124606458,11.667493591225165,,0.8633109771320274,0.014274429479083346,0.5_-0.5,2.0,0.0
claude-1,Model_2alpha,38,10.208262673033175,34.10956992046986,12.362157163754114,,0.8715724680277258,0.04502476974719232,0.5_-0.5,2.0,0.0
claude-1,Model_2alpha,39,8.349577779996192,30.392200134395893,11.757077550839137,,0.8124598236674637,0.0182057319974686,0.5_-0.5,2.0,0.0
claude-1,Model_2alpha,40,23.193489701406868,60.080023977217245,12.46960132055719,,0.8184977096103285,0.054908103777100786,0.5_-0.5,2.0,0.0
claude-1,Model_2alpha,41,24.048138750480025,61.78932207536356,8.440852091574799,,0.757293457240964,0.001387439651582058,0.5_-0.5,2.0,0.0
claude-1,Model_2alpha,42,18.261656004852377,50.21635658410826,12.59317953982279,,0.6624172868251399,0.034574041280547044,0.5_-0.5,2.0,0.0
claude-1,Model_2alpha,43,8.369198433321657,30.43144144104682,11.859751162803425,,0.8755342460718305,0.021480841149965017,0.5_-0.5,2.0,0.0
claude-1,Model_2alpha,44,9.50977461119168,32.71259379678687,12.270965873064872,,0.8394002359785896,0.04260514366756799,0.5_-0.5,2.0,0.0
claude-1,Model_2alpha,45,9.208605812712484,32.11025619982848,11.688194198163023,,0.9118297942619737,0.009919771233113016,0.5_-0.5,2.0,0.0
claude-1,Model_2alpha,46,8.385573283514278,30.464191141432064,11.874811007964995,,0.8192609969446538,0.017228425525534923,0.5_-0.5,2.0,0.0
claude-1,Model_2alpha,47,13.593319322985685,40.87968322037488,15.075364495485475,,0.6410284448553738,0.049179258849148394,0.5_-0.5,2.0,0.0
claude-1,Model_2alpha,48,7.02169877804543,27.736442130494368,11.545043527768899,,0.8445909583357082,0.02325688651456894,0.5_-0.5,2.0,0.0
claude-1,Model_2alpha,49,21.848715075419783,57.390474725243074,13.155654711123095,,0.8174404249872282,0.14738023170503237,0.5_-0.5,2.0,0.0
claude-1,Model_1alpha,0,35.852342774686996,80.83338193230966,4.253563730108411,0.781329270755719,,,1.0_0.0,2.0,0.5
claude-1,Model_1alpha,1,34.649799547563944,78.42829547806356,7.052708497068014,0.4971895098306044,,,1.0_0.0,2.0,0.5
claude-1,Model_1alpha,2,39.069033116745565,87.2667626164268,5.957953680517284,0.5616543750748401,,,1.0_0.0,2.0,0.5
claude-1,Model_1alpha,3,31.40534212448519,71.93938063190606,13.770389549676796,0.215416591071549,,,1.0_0.0,2.0,0.5
claude-1,Model_1alpha,4,23.25657025311732,55.641836889170314,16.76578662020354,0.16557094339939057,,,1.0_0.0,2.0,0.5
claude-1,Model_1alpha,5,38.60071934765504,86.33013507824575,8.761079851874143,0.36310702486245505,,,1.0_0.0,2.0,0.5
claude-1,Model_1alpha,6,47.70278719281525,104.53427076856617,2.564034582180735,0.7888423016844016,,,1.0_0.0,2.0,0.5
claude-1,Model_1alpha,7,35.82622986784833,80.78115611863234,7.23862289768304,0.3330925099801762,,,1.0_0.0,2.0,0.5
claude-1,Model_1alpha,8,33.684375222229235,76.49744682739414,8.260129708508515,0.7725135416232476,,,1.0_0.0,2.0,0.5
claude-1,Model_1alpha,9,31.17548467379746,71.4796657305306,5.618491495817711,0.7554119056994856,,,1.0_0.0,2.0,0.5
claude-1,Model_1alpha,10,41.020937429720114,91.1705712423759,4.70123883550146,0.6373703746003017,,,1.0_0.0,2.0,0.5
claude-1,Model_1alpha,11,40.943423174450906,91.01554273183748,4.544903491118821,0.6979671511724622,,,1.0_0.0,2.0,0.5
claude-1,Model_1alpha,12,60.36453722847011,129.8577708398759,1.5252771669928222,0.973254293424125,,,1.0_0.0,2.0,0.5
claude-1,Model_1alpha,13,19.008964498433148,47.14662537980197,14.004270791882421,0.45356821282946425,,,1.0_0.0,2.0,0.5
claude-1,Model_1alpha,14,51.93502721825177,112.99875081943921,12.058057443392464,0.07465432417972784,,,1.0_0.0,2.0,0.5
claude-1,Model_1alpha,15,35.48977811391253,80.10825261076073,7.706096675547435,0.40557182264394503,,,1.0_0.0,2.0,0.5
claude-1,Model_1alpha,16,52.6498983163553,114.42849301564627,2.495170906940904,0.8867294881117884,,,1.0_0.0,2.0,0.5
claude-1,Model_1alpha,17,45.65871888848301,100.44613415990169,3.8831609018149775,0.9893179580632941,,,1.0_0.0,2.0,0.5
claude-1,Model_1alpha,18,14.966792294860124,39.06228097265592,14.426579675920216,0.25094534702426025,,,1.0_0.0,2.0,0.5
claude-1,Model_1alpha,19,21.939377521410453,53.00745142575658,25.233047774830148,0.15237864677720248,,,1.0_0.0,2.0,0.5
claude-1,Model_1alpha,20,42.62020592054653,94.36910822402874,8.092641601071302,0.2810936843306565,,,1.0_0.0,2.0,0.5
claude-1,Model_1alpha,21,46.10562933579415,101.33995505452397,14.029136291308152,0.09093505823695948,,,1.0_0.0,2.0,0.5
claude-1,Model_1alpha,22,50.19522407382267,109.51914453058102,2.8545755954154832,0.9823198924679248,,,1.0_0.0,2.0,0.5
claude-1,Model_1alpha,23,65.66907006237662,140.46683650768892,1.1045713175693685,0.9816437732771192,,,1.0_0.0,2.0,0.5
claude-1,Model_1alpha,24,42.566512700879144,94.26172178469396,13.677220234939998,0.10858206817641054,,,1.0_0.0,2.0,0.5
claude-1,Model_1alpha,25,34.783798406640365,78.6962931962164,4.678156515409054,0.7276810565671061,,,1.0_0.0,2.0,0.5
claude-1,Model_1alpha,26,25.19314905142895,59.51499448579357,10.227683602260852,0.4211238604310753,,,1.0_0.0,2.0,0.5
claude-1,Model_1alpha,27,22.062972560025315,53.2546415029863,20.567149684494822,0.20027190762787284,,,1.0_0.0,2.0,0.5
claude-1,Model_1alpha,28,52.3854027026225,113.89950178818067,2.2843073941895717,0.9176998649083079,,,1.0_0.0,2.0,0.5
claude-1,Model_1alpha,29,62.756174110003776,134.64104460294323,1.401179451071598,0.9090985526824378,,,1.0_0.0,2.0,0.5
claude-1,Model_1alpha,30,26.4577714927589,62.044239368453475,27.729666628896393,0.06687314747564936,,,1.0_0.0,2.0,0.5
claude-1,Model_1alpha,31,41.44714036896065,92.02297712085698,13.376973927417449,0.0677629614685605,,,1.0_0.0,2.0,0.5
claude-1,Model_1alpha,32,27.3593899678939,63.84747631872347,7.778459284678302,0.8250558231220461,,,1.0_0.0,2.0,0.5
claude-1,Model_1alpha,33,25.783498798121972,60.695693979179616,16.195177661290657,0.15021525257022747,,,1.0_0.0,2.0,0.5
claude-1,Model_1alpha,34,29.38287049069143,67.89443736431853,9.339945472996563,0.38960425110134383,,,1.0_0.0,2.0,0.5
claude-1,Model_1alpha,35,34.32654515102629,77.78178668498825,11.907232767425414,0.1494827282719864,,,1.0_0.0,2.0,0.5
claude-1,Model_1alpha,36,50.62570299676827,110.38010237647221,3.6946547339465066,0.6617909457306986,,,1.0_0.0,2.0,0.5
claude-1,Model_1alpha,37,42.64818688513427,94.42507015320422,3.993507858572499,0.8343678250530234,,,1.0_0.0,2.0,0.5
claude-1,Model_1alpha,38,63.70511153170524,136.53891944634614,1.727611341470548,0.6760943628891977,,,1.0_0.0,2.0,0.5
claude-1,Model_1alpha,39,66.83705382258891,142.80280402811348,0.8106265367131444,0.9252864855962732,,,1.0_0.0,2.0,0.5
claude-1,Model_1alpha,40,54.12919483943714,117.38708606180995,2.1419501039165674,0.7789653861193202,,,1.0_0.0,2.0,0.5
claude-1,Model_1alpha,41,55.13168802573891,119.39207243441349,3.876076956115993,0.43961939421525553,,,1.0_0.0,2.0,0.5
claude-1,Model_1alpha,42,25.963690577862845,61.05607753866136,15.490082600080907,0.24858612290971666,,,1.0_0.0,2.0,0.5
claude-1,Model_1alpha,43,28.491534764288943,66.11176591151356,6.226347950984038,0.6529207671660435,,,1.0_0.0,2.0,0.5
claude-1,Model_1alpha,44,50.36460773250979,109.85791184795525,10.178427822949617,0.07261902321264131,,,1.0_0.0,2.0,0.5
claude-1,Model_1alpha,45,45.76750951895294,100.66371542084156,7.647704490903503,0.4406553846634409,,,1.0_0.0,2.0,0.5
claude-1,Model_1alpha,46,27.47262411602155,64.07394461497877,6.126921645566485,0.9856693359826147,,,1.0_0.0,2.0,0.5
claude-1,Model_1alpha,47,37.58041754493896,84.2895314728136,6.1324144777170435,0.5126068855814457,,,1.0_0.0,2.0,0.5
claude-1,Model_1alpha,48,27.349619683340592,63.827935749616856,20.72462500611914,0.10242188927880988,,,1.0_0.0,2.0,0.5
claude-1,Model_1alpha,49,69.03408083731343,147.1968580575625,0.4990658363510583,0.006451563170075729,,,1.0_0.0,2.0,0.5
claude-1,Model_2alpha,0,8.895047011383987,31.483138597171482,12.040321538807532,,0.8561411437913264,0.03234942698895334,1.0_0.0,2.0,0.5
claude-1,Model_2alpha,1,11.165487300614565,36.02401917563264,13.285189884489677,,0.8903335704949382,0.08552025122071512,1.0_0.0,2.0,0.5
claude-1,Model_2alpha,2,8.644177246032484,30.981399066468477,12.877232637236355,,0.8721327698612497,0.07259724412483798,1.0_0.0,2.0,0.5
claude-1,Model_2alpha,3,9.31152940225634,32.31610337891619,12.677320824401068,,0.8661963302470077,0.0743178178755676,1.0_0.0,2.0,0.5
claude-1,Model_2alpha,4,15.26352157460408,44.22008772361167,10.796752401364763,,0.8004999106076484,0.02438887396210981,1.0_0.0,2.0,0.5
claude-1,Model_2alpha,5,19.88387115249801,53.46078687939953,10.419900452270259,,0.46783727728644686,0.019037638631364023,1.0_0.0,2.0,0.5
claude-1,Model_2alpha,6,10.070339477983595,33.8337235303707,12.661602513257849,,0.8361605453133013,0.04821738426268465,1.0_0.0,2.0,0.5
claude-1,Model_2alpha,7,15.117065742556981,43.92717605951747,11.207307874605316,,0.8245665328709585,0.02770442462432887,1.0_0.0,2.0,0.5
claude-1,Model_2alpha,8,33.0886569189318,79.87035841226711,7.43626427506614,,0.9551228672539708,0.6743107988972856,1.0_0.0,2.0,0.5
claude-1,Model_2alpha,9,8.747494873645927,31.188034321695362,12.354412738067465,,0.8360679760192732,0.05068510539201558,1.0_0.0,2.0,0.5
claude-1,Model_2alpha,10,10.3546378287224,34.40232023184831,11.50023727825766,,0.8631284384067409,0.02992698663086496,1.0_0.0,2.0,0.5
claude-1,Model_2alpha,11,12.726069876394341,39.14518432719219,11.018174790219442,,0.8276479330980375,0.003890811311777642,1.0_0.0,2.0,0.5
claude-1,Model_2alpha,12,9.109904823143946,31.9128542206914,11.917774971179206,,0.8940841662571942,0.019481536385187265,1.0_0.0,2.0,0.5
claude-1,Model_2alpha,13,11.411129104549218,36.515302783501944,14.047219126906631,,0.9225192185206749,0.12359995573307049,1.0_0.0,2.0,0.5
claude-1,Model_2alpha,14,7.645607204273883,28.984258982951275,11.788698547362047,,0.8242450419098362,0.028668736658441663,1.0_0.0,2.0,0.5
claude-1,Model_2alpha,15,14.69585936529399,43.08476330499148,11.002363197872231,,0.8645627502689458,0.012124035522595835,1.0_0.0,2.0,0.5
claude-1,Model_2alpha,16,11.221902348210481,36.13684927082447,11.26051226432925,,0.8270855194223178,0.011532394341418969,1.0_0.0,2.0,0.5
claude-1,Model_2alpha,17,45.86957251195583,105.43218959831518,3.89854836426754,,0.9698806547917141,0.9852777783287436,1.0_0.0,2.0,0.5
claude-1,Model_2alpha,18,11.595223926733405,36.88349242787032,10.8606344882025,,0.8208383007761448,0.12621173898472077,1.0_0.0,2.0,0.5
claude-1,Model_2alpha,19,21.417855732203726,56.52875603881096,19.859953086217473,,0.18801681664072328,0.13485770693458574,1.0_0.0,2.0,0.5
claude-1,Model_2alpha,20,8.969220553404678,31.631485681212865,11.944250502547618,,0.8229767086170874,0.03038820265450507,1.0_0.0,2.0,0.5
claude-1,Model_2alpha,21,9.639500188292544,32.9720449509886,11.958499863660379,,0.8262678129392811,0.033352457277625036,1.0_0.0,2.0,0.5
claude-1,Model_2alpha,22,9.00937590869232,31.71179639178815,12.174979346190135,,0.8714704163012424,0.024816260670769866,1.0_0.0,2.0,0.5
claude-1,Model_2alpha,23,11.346149609324486,36.385343793052485,11.233448466982004,,0.869536498231146,0.0052735802767372286,1.0_0.0,2.0,0.5
claude-1,Model_2alpha,24,8.263272132644879,30.219588839693266,11.924388936236266,,0.8603358786404206,0.05256203861010876,1.0_0.0,2.0,0.5
claude-1,Model_2alpha,25,10.26137912351465,34.21580282143281,11.895922001974016,,0.8800339017060789,0.047624158211424794,1.0_0.0,2.0,0.5
claude-1,Model_2alpha,26,10.78714260876689,35.267329791937286,12.285894372989931,,0.820385280393826,0.044701309135501056,1.0_0.0,2.0,0.5
claude-1,Model_2alpha,27,10.994173783358779,35.681392141121066,12.885036304246787,,0.8647576838329416,0.1231159059107244,1.0_0.0,2.0,0.5
claude-1,Model_2alpha,28,11.799997708172338,37.293039990748184,11.75956435182834,,0.8224427602609232,0.01627951301297811,1.0_0.0,2.0,0.5
claude-1,Model_2alpha,29,18.48313100057837,50.65930657556025,13.147332862953165,,0.3675533937297825,0.0021395357795643503,1.0_0.0,2.0,0.5
claude-1,Model_2alpha,30,9.16089509553093,32.014834765465366,13.092920287177913,,0.8313816627725664,0.09530467665924204,1.0_0.0,2.0,0.5
claude-1,Model_2alpha,31,11.158193667110748,36.009431908625004,13.708775562451107,,0.9354406329746421,0.07784285267746008,1.0_0.0,2.0,0.5
claude-1,Model_2alpha,32,23.275187222755125,60.24341901991376,5.603196652459627,,0.985676430690031,0.5009856279660339,1.0_0.0,2.0,0.5
claude-1,Model_2alpha,33,8.67648701697661,31.04601860835673,12.446166203982747,,0.8090037246196231,0.08397936699943402,1.0_0.0,2.0,0.5
claude-1,Model_2alpha,34,11.977492262389125,37.648029099181755,12.671768617601739,,0.8577184650287824,0.06529474812007019,1.0_0.0,2.0,0.5
claude-1,Model_2alpha,35,11.994968254906343,37.682981084216195,16.846062501596094,,0.36416567607062766,0.02691778774899931,1.0_0.0,2.0,0.5
claude-1,Model_2alpha,36,22.95317254519684,59.59938966479719,10.261891758125218,,0.49469070698594014,0.0026332066628682272,1.0_0.0,2.0,0.5
claude-1,Model_2alpha,37,8.933315251239698,31.559675076882904,12.190514346020743,,0.8670459881771158,0.031749903703106576,1.0_0.0,2.0,0.5
claude-1,Model_2alpha,38,8.41383583476933,30.520716243942168,11.719970912324662,,0.8628455753511007,0.019493294321525276,1.0_0.0,2.0,0.5
claude-1,Model_2alpha,39,7.804258154946581,29.30156088429667,11.701905191647082,,0.8937688520335355,0.012561953996851168,1.0_0.0,2.0,0.5
claude-1,Model_2alpha,40,9.058370857555252,31.80978628951401,11.77396519920774,,0.8767931924973543,0.02062221359103232,1.0_0.0,2.0,0.5
claude-1,Model_2alpha,41,7.693551060306394,29.080146695016296,11.743875722235112,,0.8617811900068553,0.023550423934584352,1.0_0.0,2.0,0.5
claude-1,Model_2alpha,42,10.204929013892626,34.10290260218876,13.750449534502831,,0.907040274214069,0.12806057007177635,1.0_0.0,2.0,0.5
claude-1,Model_2alpha,43,8.594229102863144,30.881502780129797,12.645836308437742,,0.887018804582187,0.07636803164879796,1.0_0.0,2.0,0.5
claude-1,Model_2alpha,44,7.591556768687511,28.87615811177853,11.824061592203744,,0.82343849415753,0.039218529922819545,1.0_0.0,2.0,0.5
claude-1,Model_2alpha,45,15.891130557109548,45.475305688622605,11.566765803179367,,0.9112644207211473,0.029544892875984833,1.0_0.0,2.0,0.5
claude-1,Model_2alpha,46,27.59789933061396,68.88884323563143,6.177573920321273,,0.9175914441006787,0.9858562221491736,1.0_0.0,2.0,0.5
claude-1,Model_2alpha,47,9.400118010730251,32.49328059586401,12.59822552274034,,0.8366848166820803,0.05886558791093943,1.0_0.0,2.0,0.5
claude-1,Model_2alpha,48,25.51568259625114,64.72440976690578,14.190500222885694,,0.169643479405121,0.07980402205872934,1.0_0.0,2.0,0.5
claude-1,Model_2alpha,49,7.169527229141788,28.032099032687086,11.56855770890602,,0.8477968520076513,0.005442344973243027,1.0_0.0,2.0,0.5
claude-1,Model_1alpha,0,13.153809368659903,35.43631512025548,30.663515960052145,0.13357275381855221,,,0.5_-0.5,3.0,0.0
claude-1,Model_1alpha,1,89.51817027249506,188.16503692792577,2.207400936306078,0.9230327571422657,,,0.5_-0.5,3.0,0.0
claude-1,Model_1alpha,2,14.768235026936214,38.6651664368081,28.12541419596325,0.14020381399217055,,,0.5_-0.5,3.0,0.0
claude-1,Model_1alpha,3,21.399085870647088,51.92686812422985,38.363289049815855,0.10378076272366847,,,0.5_-0.5,3.0,0.0
claude-1,Model_1alpha,4,22.781398733960877,54.69149385085743,38.15388309887425,0.07249664232922896,,,0.5_-0.5,3.0,0.0
claude-1,Model_1alpha,5,17.04070566162129,43.21010770617825,30.39656019118466,0.1370431964985799,,,0.5_-0.5,3.0,0.0
claude-1,Model_1alpha,6,103.21694375132134,215.56258388557836,1.2537996688491426,0.9791752123228815,,,0.5_-0.5,3.0,0.0
claude-1,Model_1alpha,7,98.64561720281893,206.41993078857354,1.5092549013913885,0.8892257032802127,,,0.5_-0.5,3.0,0.0
claude-1,Model_1alpha,8,77.11377979013903,163.35625596321375,3.6373130008770347,0.9787792344935131,,,0.5_-0.5,3.0,0.0
claude-1,Model_1alpha,9,107.59989052617037,224.3284774352764,0.2794132131024537,0.9583538629500427,,,0.5_-0.5,3.0,0.0
claude-1,Model_1alpha,10,77.99805671100235,165.12480980494036,10.480597253483724,0.0911640587210521,,,0.5_-0.5,3.0,0.0
claude-1,Model_1alpha,11,22.50577659875981,54.14024958045529,39.41419498995003,0.09915020614984546,,,0.5_-0.5,3.0,0.0
claude-1,Model_1alpha,12,93.79765991143285,196.72401620580138,15.689480602796843,0.02553922018255671,,,0.5_-0.5,3.0,0.0
claude-1,Model_1alpha,13,105.25648177494183,219.64165993281932,0.987183447802723,0.9827684164213566,,,0.5_-0.5,3.0,0.0
claude-1,Model_1alpha,14,106.51529693251929,222.15929024797424,0.6495336651638546,0.9108094919870384,,,0.5_-0.5,3.0,0.0
claude-1,Model_1alpha,15,85.87559173174832,180.8798798464323,2.4127322602384442,0.7468004399855438,,,0.5_-0.5,3.0,0.0
claude-1,Model_1alpha,16,25.066485141525604,59.26166666598688,48.89476281949511,0.06590061844396443,,,0.5_-0.5,3.0,0.0
claude-1,Model_1alpha,17,98.31649101446666,205.761678411869,1.5533167639558951,0.9857289171351149,,,0.5_-0.5,3.0,0.0
claude-1,Model_1alpha,18,107.9684745730314,225.06564552899846,0.08280031045190996,0.7665818256410094,,,0.5_-0.5,3.0,0.0
claude-1,Model_1alpha,19,69.30547121002414,147.73963880298396,0.020695983140914014,0.4664473035561869,,,0.5_-0.5,3.0,0.0
claude-1,Model_1alpha,20,70.49525396728677,150.11920431750923,4.71464533140815,0.6291739558829068,,,0.5_-0.5,3.0,0.0
claude-1,Model_1alpha,21,108.07470055960823,225.27809750215215,0.4916943341949169,0.002098380843779147,,,0.5_-0.5,3.0,0.0
claude-1,Model_1alpha,22,83.40377406195591,175.93624450684752,14.918303119938454,0.043595783036084614,,,0.5_-0.5,3.0,0.0
claude-1,Model_1alpha,23,21.795284546905886,52.719265476747445,43.63739164533802,0.08116688394644268,,,0.5_-0.5,3.0,0.0
claude-1,Model_1alpha,24,65.29982562633661,139.72834763560888,11.681402331808796,0.23806906035605682,,,0.5_-0.5,3.0,0.0
claude-1,Model_1alpha,25,95.49867701086094,200.12605040465758,1.6042760072468418,0.9486180028379301,,,0.5_-0.5,3.0,0.0
claude-1,Model_1alpha,26,16.179368282476872,41.48743294788942,36.9307040331589,0.10103950030107216,,,0.5_-0.5,3.0,0.0
claude-1,Model_1alpha,27,16.472818365956385,42.07433311484844,35.92425243153667,0.10077228936940773,,,0.5_-0.5,3.0,0.0
claude-1,Model_1alpha,28,94.34285329606978,197.8144029750752,4.561356432540719,0.09459558771667402,,,0.5_-0.5,3.0,0.0
claude-1,Model_1alpha,29,107.64596598726978,224.4206283574752,0.2589222061819101,0.9556284188390822,,,0.5_-0.5,3.0,0.0
claude-1,Model_1alpha,30,60.24536935009483,129.61943508312532,5.966392228562151,0.46889867421794473,,,0.5_-0.5,3.0,0.0
claude-1,Model_1alpha,31,63.38073297326844,135.89016232947256,14.071142710699066,0.06262555023174661,,,0.5_-0.5,3.0,0.0
claude-1,Model_1alpha,32,53.321312869286594,115.77132212150886,32.366705823598636,0.02987575906875205,,,0.5_-0.5,3.0,0.0
claude-1,Model_1alpha,33,27.309596982272915,63.7478903474815,37.99382786800436,0.07834893337705622,,,0.5_-0.5,3.0,0.0
claude-1,Model_1alpha,34,17.725680394814987,44.580057172565645,34.988061300075046,0.07829758275172141,,,0.5_-0.5,3.0,0.0
claude-1,Model_1alpha,35,19.48007598051906,48.088848343973794,33.90636772085463,0.08303566566548881,,,0.5_-0.5,3.0,0.0
claude-1,Model_1alpha,36,14.68782119040219,38.50433876374005,29.19691452953949,0.14141571898418412,,,0.5_-0.5,3.0,0.0
claude-1,Model_1alpha,37,18.896569779244555,46.92183594142478,38.59985814407596,0.12111109875404626,,,0.5_-0.5,3.0,0.0
claude-1,Model_1alpha,38,97.33168487945566,203.792066141847,9.730770407301703,0.033768018659310624,,,0.5_-0.5,3.0,0.0
claude-1,Model_1alpha,39,68.80767796086799,146.74405230467164,7.3761453103173755,0.19358659161872044,,,0.5_-0.5,3.0,0.0
claude-1,Model_1alpha,40,79.27277975632866,167.67425589559298,3.5197134658155766,0.8941897797058906,,,0.5_-0.5,3.0,0.0
claude-1,Model_1alpha,41,56.283962595253804,121.69662157344328,7.029766470767621,0.9977097432296713,,,0.5_-0.5,3.0,0.0
claude-1,Model_1alpha,42,99.89601470706118,208.92072579705803,1.2589939273890942,0.9878683232104554,,,0.5_-0.5,3.0,0.0
claude-1,Model_1alpha,43,30.550982640398203,70.23066166373208,20.544382984935908,0.2927345841299828,,,0.5_-0.5,3.0,0.0
claude-1,Model_1alpha,44,60.27009647884471,129.66888934062507,8.12244075167349,0.4221382213964694,,,0.5_-0.5,3.0,0.0
claude-1,Model_1alpha,45,67.77144710925477,144.6715906014452,7.3503663963898145,0.42817226907874056,,,0.5_-0.5,3.0,0.0
claude-1,Model_1alpha,46,93.81226756137103,196.75323150567772,4.193202992383328,0.18248424851466888,,,0.5_-0.5,3.0,0.0
claude-1,Model_1alpha,47,93.661651539773,196.4519994624817,2.504717941290432,0.6775384262272198,,,0.5_-0.5,3.0,0.0
claude-1,Model_1alpha,48,20.42187971416597,49.972455811267615,41.74425003569424,0.07595279328026071,,,0.5_-0.5,3.0,0.0
claude-1,Model_1alpha,49,108.05059589774544,225.22988817842656,0.4872048701283776,0.0027190259771998244,,,0.5_-0.5,3.0,0.0
claude-1,Model_2alpha,0,7.706993831586988,29.107032237577485,12.902060746724207,,0.799005806115317,0.04533096496784113,0.5_-0.5,3.0,0.0
claude-1,Model_2alpha,1,11.127422888124368,35.947890350652244,13.28373116319069,,0.9023445874085827,0.014445763213913115,0.5_-0.5,3.0,0.0
claude-1,Model_2alpha,2,9.327158513151048,32.347361600705604,14.149519263669545,,0.8383832223203207,0.12996126274679182,0.5_-0.5,3.0,0.0
claude-1,Model_2alpha,3,11.541887228510468,36.776819031424445,14.42521580539821,,0.8058218562289979,0.09956985698817,0.5_-0.5,3.0,0.0
claude-1,Model_2alpha,4,9.694789389808804,33.082623354021116,13.29521824810784,,0.8007092927492947,0.06566756045892719,0.5_-0.5,3.0,0.0
claude-1,Model_2alpha,5,9.351263632690857,32.39557183978522,14.120204915363853,,0.8211983191234777,0.12245056503148431,0.5_-0.5,3.0,0.0
claude-1,Model_2alpha,6,15.571831780773518,44.836708135950545,12.900384787904871,,0.8628052726993587,0.00903970156580687,0.5_-0.5,3.0,0.0
claude-1,Model_2alpha,7,10.148749341760453,33.990543257924415,13.045777625406258,,0.915552070088092,0.007883756794464753,0.5_-0.5,3.0,0.0
claude-1,Model_2alpha,8,13.278621278323012,40.25028713104953,13.29772422952341,,0.8354110476065896,0.011435199597551567,0.5_-0.5,3.0,0.0
claude-1,Model_2alpha,9,10.222472080321683,34.137988735046875,13.070476167607373,,0.9173511249553378,0.004578170356483479,0.5_-0.5,3.0,0.0
claude-1,Model_2alpha,10,8.854285487359045,31.401615549121598,13.096081586125175,,0.8483175604595344,0.02800960052311032,0.5_-0.5,3.0,0.0
claude-1,Model_2alpha,11,7.750286041236776,29.19361665687706,12.928635831935532,,0.8295089581395013,0.03561968441750211,0.5_-0.5,3.0,0.0
claude-1,Model_2alpha,12,8.927798912262986,31.54864239892948,12.963674376681595,,0.796329071711172,0.011389723854925307,0.5_-0.5,3.0,0.0
claude-1,Model_2alpha,13,10.015221074468817,33.72348672334114,13.250432570786042,,0.824208910536351,0.013015027370568678,0.5_-0.5,3.0,0.0
claude-1,Model_2alpha,14,9.004408790994253,31.701862156392014,13.062714930812618,,0.8943159728292904,0.011449104897403549,0.5_-0.5,3.0,0.0
claude-1,Model_2alpha,15,13.229208089217948,40.151460752839405,13.216874377762199,,0.8452946967563135,0.014987734367465163,0.5_-0.5,3.0,0.0
claude-1,Model_2alpha,16,12.2769374826908,38.24691953978511,15.025422884211274,,0.8935250674327261,0.13667709023292812,0.5_-0.5,3.0,0.0
claude-1,Model_2alpha,17,11.053043485428724,35.799131545260956,13.599643700659746,,0.8910049178435168,0.0228908250824036,0.5_-0.5,3.0,0.0
claude-1,Model_2alpha,18,9.02371166471136,31.74046790382623,13.072369990811982,,0.8671993259134652,0.008249433824218623,0.5_-0.5,3.0,0.0
claude-1,Model_2alpha,19,6.507943200880344,26.708930976164197,11.655949242079796,,0.8669794074369568,0.005403978260677008,0.5_-0.5,3.0,0.0
claude-1,Model_2alpha,20,15.424543551008698,44.54213167642091,19.81413989598889,,0.7335245075876704,0.10078484662222452,0.5_-0.5,3.0,0.0
claude-1,Model_2alpha,21,11.322237763834696,36.3375201020729,12.717658970470202,,0.8725371383284102,0.0034713051560321894,0.5_-0.5,3.0,0.0
claude-1,Model_2alpha,22,8.869805607759174,31.432655789921856,13.063354552586857,,0.8121573340488436,0.02123123899858579,0.5_-0.5,3.0,0.0
claude-1,Model_2alpha,23,7.754947595564508,29.202939765532527,12.930107213157852,,0.8179218474091168,0.03185969179286317,0.5_-0.5,3.0,0.0
claude-1,Model_2alpha,24,12.678301958795362,39.04964849199423,15.097035278673006,,0.8981512362694363,0.09155511585901087,0.5_-0.5,3.0,0.0
claude-1,Model_2alpha,25,13.318622441918677,40.33028945824086,13.198548044587005,,0.8791870869838108,0.011080698474187776,0.5_-0.5,3.0,0.0
claude-1,Model_2alpha,26,8.722577438760434,31.138199451924375,13.16393646367353,,0.8025877493668914,0.057177850652502984,0.5_-0.5,3.0,0.0
claude-1,Model_2alpha,27,9.46174370156518,32.61653197753387,14.052379198369076,,0.8083139202041048,0.09949689319955075,0.5_-0.5,3.0,0.0
claude-1,Model_2alpha,28,7.843996749490354,29.381038073384218,12.91720797807185,,0.8177999909504075,0.01231625792283412,0.5_-0.5,3.0,0.0
claude-1,Model_2alpha,29,11.19101176957215,36.07506811354781,13.224274859688252,,0.8826146383541215,0.010128804559892634,0.5_-0.5,3.0,0.0
claude-1,Model_2alpha,30,12.40382304499613,38.50069066439577,15.560988797381288,,0.8980088526772646,0.08574726458767556,0.5_-0.5,3.0,0.0
claude-1,Model_2alpha,31,9.914837172766854,33.52271891993722,13.095369232070503,,0.7956499453983696,0.022578453665497992,0.5_-0.5,3.0,0.0
claude-1,Model_2alpha,32,12.993897847764606,39.680840269932716,13.650680911588262,,0.8067704555559705,0.026737565580813322,0.5_-0.5,3.0,0.0
claude-1,Model_2alpha,33,11.648155180774797,36.9893549359531,13.605493813725449,,0.8493765308249448,0.0856646859027047,0.5_-0.5,3.0,0.0
claude-1,Model_2alpha,34,9.57931352599865,32.85167162640081,13.730516961352336,,0.8143614145785671,0.07347685302584096,0.5_-0.5,3.0,0.0
claude-1,Model_2alpha,35,11.236250310217844,36.1655451948392,14.685603442971981,,0.8451371602127191,0.09499459940380937,0.5_-0.5,3.0,0.0
claude-1,Model_2alpha,36,9.578795607921453,32.850635790246415,13.448080509784376,,0.8160201189944717,0.10111907515852003,0.5_-0.5,3.0,0.0
claude-1,Model_2alpha,37,8.7464328282109,31.185910230825307,13.182822437077025,,0.833011552024884,0.05574390390870165,0.5_-0.5,3.0,0.0
claude-1,Model_2alpha,38,7.852381225201815,29.397807024807136,12.91890969758456,,0.8078574089296275,0.010964227081962586,0.5_-0.5,3.0,0.0
claude-1,Model_2alpha,39,10.711038296954658,35.115121168312825,14.065062784596023,,0.8960399465335394,0.06454599182431886,0.5_-0.5,3.0,0.0
claude-1,Model_2alpha,40,11.088444577785683,35.869933729974875,13.315085552288346,,0.8673894330797974,0.01560712530639092,0.5_-0.5,3.0,0.0
claude-1,Model_2alpha,41,56.333109564795606,126.35926370399471,7.282463089852359,,0.8268786864801843,0.9979441865426608,0.5_-0.5,3.0,0.0
claude-1,Model_2alpha,42,11.11768487416363,35.92841432273077,13.223775786688108,,0.8301538598400323,0.011108778047061585,0.5_-0.5,3.0,0.0
claude-1,Model_2alpha,43,13.77651042805952,41.24606543052255,19.11410482378439,,0.7749278832705665,0.21018116898397946,0.5_-0.5,3.0,0.0
claude-1,Model_2alpha,44,15.421687812742302,44.53642019988811,12.801464150111746,,0.8280924187229441,0.023126148367468367,0.5_-0.5,3.0,0.0
claude-1,Model_2alpha,45,10.948137286948274,35.589319148300056,13.570207007019592,,0.8716072497068856,0.03749026659531275,0.5_-0.5,3.0,0.0
claude-1,Model_2alpha,46,8.942407025655836,31.57785862571518,12.993647478308546,,0.8218906291408499,0.011666832028142093,0.5_-0.5,3.0,0.0
claude-1,Model_2alpha,47,10.047502187590645,33.7880489495848,13.012888562949419,,0.843395836619616,0.010204434880835264,0.5_-0.5,3.0,0.0
claude-1,Model_2alpha,48,10.633189091145486,34.95942275669448,14.130556098840328,,0.8007198567782529,0.06851554069523162,0.5_-0.5,3.0,0.0
claude-1,Model_2alpha,49,9.054277304589819,31.801599183583146,13.078123072178357,,0.9042157636983784,0.008317937518552095,0.5_-0.5,3.0,0.0
claude-1,Model_1alpha,0,107.18285103715758,223.49439845725084,0.4576826935805476,0.8971939432820736,,,1.0_0.0,3.0,0.5
claude-1,Model_1alpha,1,76.88922728742273,162.90715095778114,4.811436807680088,0.7593624613209246,,,1.0_0.0,3.0,0.5
claude-1,Model_1alpha,2,86.05284350368841,181.23438339031247,11.636740046827807,0.0353141965285775,,,1.0_0.0,3.0,0.5
claude-1,Model_1alpha,3,100.74212332742736,210.6129430377904,10.109701707179772,0.027800207975350162,,,1.0_0.0,3.0,0.5
claude-1,Model_1alpha,4,14.38643763812085,37.90157165917737,26.9406160818702,0.1318200824700885,,,1.0_0.0,3.0,0.5
claude-1,Model_1alpha,5,78.78915355501373,166.7070034929631,5.453185071450858,0.5443921389581312,,,1.0_0.0,3.0,0.5
claude-1,Model_1alpha,6,19.161553465250783,47.45180331343724,35.36388475189327,0.10501950759463674,,,1.0_0.0,3.0,0.5
claude-1,Model_1alpha,7,46.37550012083306,101.87969662460179,26.696517573913496,0.08800355707802941,,,1.0_0.0,3.0,0.5
claude-1,Model_1alpha,8,108.10783541530404,225.34436721354376,0.4947088287072717,0.0014892486162239036,,,1.0_0.0,3.0,0.5
claude-1,Model_1alpha,9,78.42357956260138,165.9758555081384,3.6407431592153108,0.9811041609802525,,,1.0_0.0,3.0,0.5
claude-1,Model_1alpha,10,80.68426868255337,170.4972337480424,10.121041817155882,0.10021865731355965,,,1.0_0.0,3.0,0.5
claude-1,Model_1alpha,11,88.3942132531196,185.9171228891749,6.602315003240431,0.09575354283674513,,,1.0_0.0,3.0,0.5
claude-1,Model_1alpha,12,45.19332155254974,99.51533948803515,3.870745975797362,0.8299939577667237,,,1.0_0.0,3.0,0.5
claude-1,Model_1alpha,13,96.68262963491756,202.4939556527708,3.224919844297474,0.3662322478139057,,,1.0_0.0,3.0,0.5
claude-1,Model_1alpha,14,23.26796645967572,55.66462930228711,39.250032784650884,0.08931573405144597,,,1.0_0.0,3.0,0.5
claude-1,Model_1alpha,15,16.670168194501727,42.469032771939126,34.62010042720366,0.1089547213181783,,,1.0_0.0,3.0,0.5
claude-1,Model_1alpha,16,22.024680753249903,53.17805788943548,38.88796277674998,0.08046214471506541,,,1.0_0.0,3.0,0.5
claude-1,Model_1alpha,17,13.80353391020195,36.73576420333957,25.44941395355064,0.1787662966748815,,,1.0_0.0,3.0,0.5
claude-1,Model_1alpha,18,93.86337357862584,196.85544354018737,1.764064411605679,0.9728222852270539,,,1.0_0.0,3.0,0.5
claude-1,Model_1alpha,19,57.43527251295855,123.99924140885277,5.359047213390437,0.6910372781738139,,,1.0_0.0,3.0,0.5
claude-1,Model_1alpha,20,93.28391323291807,195.6965228487718,2.3922783119110957,0.6066351469951593,,,1.0_0.0,3.0,0.5
claude-1,Model_1alpha,21,47.399790760268296,103.92827790347226,35.035109733490074,0.05875058958063612,,,1.0_0.0,3.0,0.5
claude-1,Model_1alpha,22,101.39628104827916,211.92125847949399,1.9480934667178658,0.5573640659639373,,,1.0_0.0,3.0,0.5
claude-1,Model_1alpha,23,94.43551213334936,197.9997206496344,9.41459911499923,0.03198581355006956,,,1.0_0.0,3.0,0.5
claude-1,Model_1alpha,24,45.23514437344537,99.59898512982642,18.989404353359134,0.1026802344515459,,,1.0_0.0,3.0,0.5
claude-1,Model_1alpha,25,19.0373769436373,47.203450270210276,46.19855199783154,0.06961263544045611,,,1.0_0.0,3.0,0.5
claude-1,Model_1alpha,26,39.80313652440887,88.73496943175341,29.659650236017693,0.08225244520499886,,,1.0_0.0,3.0,0.5
claude-1,Model_1alpha,27,65.6443755893398,140.4174475616153,14.794630426041735,0.05057834859834773,,,1.0_0.0,3.0,0.5
claude-1,Model_1alpha,28,85.54077953307802,180.21025544909173,2.2186348550263686,0.9580064704985651,,,1.0_0.0,3.0,0.5
claude-1,Model_1alpha,29,103.25022005633161,215.6291364955989,1.4881054483320166,0.5672561329100976,,,1.0_0.0,3.0,0.5
claude-1,Model_1alpha,30,94.17596797974755,197.4806323424308,3.5336558631764157,0.31210888314013674,,,1.0_0.0,3.0,0.5
claude-1,Model_1alpha,31,88.67615167746726,186.4809997378702,6.951228558151779,0.15498954641995377,,,1.0_0.0,3.0,0.5
claude-1,Model_1alpha,32,108.08654510115849,225.30178658525267,0.49433225766728606,0.0018435021591169743,,,1.0_0.0,3.0,0.5
claude-1,Model_1alpha,33,93.47187658900997,196.0724495609556,10.249733009373893,0.08983675901340685,,,1.0_0.0,3.0,0.5
claude-1,Model_1alpha,34,94.29560892317645,197.71991422928858,2.0365130783257466,0.9770725934265728,,,1.0_0.0,3.0,0.5
claude-1,Model_1alpha,35,108.10189612839514,225.33248863972597,0.4910746455838942,0.0016031753645324319,,,1.0_0.0,3.0,0.5
claude-1,Model_1alpha,36,68.79521896182015,146.719134306576,0.2502186105323964,0.26454660538953007,,,1.0_0.0,3.0,0.5
claude-1,Model_1alpha,37,17.490121616150535,44.10893961523674,32.641795853033564,0.11544748043264791,,,1.0_0.0,3.0,0.5
claude-1,Model_1alpha,38,15.211355872639615,39.5514081282149,27.827593491781126,0.12370682622408731,,,1.0_0.0,3.0,0.5
claude-1,Model_1alpha,39,38.9097306033516,86.94815758963887,28.994550446636527,0.03619355056994037,,,1.0_0.0,3.0,0.5
claude-1,Model_1alpha,40,66.33106834876867,141.79083308047302,3.756464293803264,0.9366821008103201,,,1.0_0.0,3.0,0.5
claude-1,Model_1alpha,41,86.04761467629284,181.22392573552133,2.303400308033451,0.9063679567859372,,,1.0_0.0,3.0,0.5
claude-1,Model_1alpha,42,91.05675006490785,191.24219651275138,7.32406124242308,0.07092983109710937,,,1.0_0.0,3.0,0.5
claude-1,Model_1alpha,43,31.300998739882736,71.73069386270114,45.804768656302336,0.056693606785926436,,,1.0_0.0,3.0,0.5
claude-1,Model_1alpha,44,91.19835558391541,191.5254075507665,3.2153299813901888,0.7660675546808142,,,1.0_0.0,3.0,0.5
claude-1,Model_1alpha,45,87.8377434638384,184.80418331061247,2.291994318723668,0.989439929262615,,,1.0_0.0,3.0,0.5
claude-1,Model_1alpha,46,20.517643529318747,50.163983441573166,29.807561625335175,0.12375280983513476,,,1.0_0.0,3.0,0.5
claude-1,Model_1alpha,47,106.54990535768502,222.22850709830573,0.5530869788468492,0.9760151861715844,,,1.0_0.0,3.0,0.5
claude-1,Model_1alpha,48,107.06244173380568,223.25357985054706,0.44762603423700764,0.909904286038086,,,1.0_0.0,3.0,0.5
claude-1,Model_1alpha,49,73.83316441153363,156.79502520600295,3.8149296219181483,0.8524153945154824,,,1.0_0.0,3.0,0.5
claude-1,Model_2alpha,0,8.952174239140078,31.597393052683664,13.104023791566298,,0.8685678181547707,0.015410168227355565,1.0_0.0,3.0,0.5
claude-1,Model_2alpha,1,12.230289686804143,38.1536239480118,12.960624340472025,,0.8905517922622903,0.016658060019521796,1.0_0.0,3.0,0.5
claude-1,Model_2alpha,2,20.71518830965412,55.12342119371175,10.309476516407589,,0.9952305734237736,0.03132916302647382,1.0_0.0,3.0,0.5
claude-1,Model_2alpha,3,8.954323239162559,31.601691052728626,13.051384375414905,,0.8518082580641099,0.01298418116651724,1.0_0.0,3.0,0.5
claude-1,Model_2alpha,4,9.61806867811649,32.92918193063649,13.308845485690657,,0.8171987095664655,0.0859537058924126,1.0_0.0,3.0,0.5
claude-1,Model_2alpha,5,17.92002729173318,49.53309915786987,12.392771835312027,,0.8458778822053059,0.0021290545219655064,1.0_0.0,3.0,0.5
claude-1,Model_2alpha,6,9.660810778546924,33.01466613149736,13.436538458728702,,0.8277368728633518,0.08121289561435195,1.0_0.0,3.0,0.5
claude-1,Model_2alpha,7,10.789376121767551,35.27179681793861,13.70782441771683,,0.8286991239336781,0.05719760709180794,1.0_0.0,3.0,0.5
claude-1,Model_2alpha,8,13.58514260307571,40.86332978055493,12.54406865512494,,0.8322940434901603,0.0012555124482525424,1.0_0.0,3.0,0.5
claude-1,Model_2alpha,9,20.070273063567512,53.83359070153853,12.485499250700327,,0.8801244679647771,0.003818540255664174,1.0_0.0,3.0,0.5
claude-1,Model_2alpha,10,10.952454168203445,35.5979529108104,13.409357394772615,,0.8295537084015299,0.0311730341556469,1.0_0.0,3.0,0.5
claude-1,Model_2alpha,11,8.876984693553519,31.447013961510546,13.03853780170318,,0.8171000899527533,0.019802907548678552,1.0_0.0,3.0,0.5
claude-1,Model_2alpha,12,7.576858507274952,28.846761588953413,12.155316250567502,,0.8786707948714355,0.03884534119649151,1.0_0.0,3.0,0.5
claude-1,Model_2alpha,13,8.929124328387527,31.551293231178562,13.032152952160125,,0.8682747066134422,0.01664049407070038,1.0_0.0,3.0,0.5
claude-1,Model_2alpha,14,9.572351658526905,32.83774789145732,14.106753736944123,,0.8246543472686961,0.08353952612006572,1.0_0.0,3.0,0.5
claude-1,Model_2alpha,15,10.235629666474328,34.16430390735216,14.615021748907298,,0.824383786840785,0.13498318437528392,1.0_0.0,3.0,0.5
claude-1,Model_2alpha,16,8.766410810870088,31.225866196143684,13.158047712802272,,0.8251866724158228,0.04750892011442599,1.0_0.0,3.0,0.5
claude-1,Model_2alpha,17,9.974311800729865,33.64166817586324,14.201078109617246,,0.8089643920422764,0.17106673169784467,1.0_0.0,3.0,0.5
claude-1,Model_2alpha,18,11.124975900656924,35.94299637571736,13.08682221132561,,0.8200814523658796,0.009108424711342324,1.0_0.0,3.0,0.5
claude-1,Model_2alpha,19,13.706628819907433,41.106302214218374,14.972199968621128,,0.8889567416107065,0.06606353634432996,1.0_0.0,3.0,0.5
claude-1,Model_2alpha,20,13.31342659349245,40.319897761388404,13.053491913977853,,0.8894932153446817,0.013865885330333479,1.0_0.0,3.0,0.5
claude-1,Model_2alpha,21,7.782500737558089,29.258046049519685,12.937738872422635,,0.8356568339048401,0.02670484115550122,1.0_0.0,3.0,0.5
claude-1,Model_2alpha,22,8.956264521937758,31.605573618279024,12.998417084345386,,0.855927118310095,0.012045164234641201,1.0_0.0,3.0,0.5
claude-1,Model_2alpha,23,8.97874856521733,31.65054170483817,13.024509452955279,,0.8604029662332942,0.01078142192709059,1.0_0.0,3.0,0.5
claude-1,Model_2alpha,24,11.306260371799642,36.30556531800279,14.978543491867972,,0.8425122803853641,0.09104855759022921,1.0_0.0,3.0,0.5
claude-1,Model_2alpha,25,8.758950096255639,31.210944766914785,13.147719611593322,,0.8129313407530296,0.047056358529224275,1.0_0.0,3.0,0.5
claude-1,Model_2alpha,26,14.09873979261822,41.89052415963995,16.028052180024336,,0.8117493301370722,0.11036106716109159,1.0_0.0,3.0,0.5
claude-1,Model_2alpha,27,10.92049207120202,35.53402871680755,13.427614314984513,,0.8372293206252073,0.02878628878869821,1.0_0.0,3.0,0.5
claude-1,Model_2alpha,28,11.125533814498777,35.94411220340106,13.119353489361341,,0.8461496653862478,0.010021331251932938,1.0_0.0,3.0,0.5
claude-1,Model_2alpha,29,8.981747700169453,31.656539974742415,13.028193327210973,,0.8635602026539011,0.010649273284862096,1.0_0.0,3.0,0.5
claude-1,Model_2alpha,30,9.955605300722183,33.604255175847875,13.227898528829256,,0.8248828823327539,0.01759875385395601,1.0_0.0,3.0,0.5
claude-1,Model_2alpha,31,10.903893286173641,35.50083114675079,13.749543780355168,,0.8976676042016537,0.04899905508922865,1.0_0.0,3.0,0.5
claude-1,Model_2alpha,32,12.45687653517086,38.60679764474523,12.57806737089522,,0.8409116985881467,0.0018157611091065356,1.0_0.0,3.0,0.5
claude-1,Model_2alpha,33,10.000012506617788,33.69306958763909,13.181551508995506,,0.8841704455529915,0.02031043645230789,1.0_0.0,3.0,0.5
claude-1,Model_2alpha,34,36.78456863869569,87.26218185179488,11.917534274175056,,0.8507846170557927,0.00014836378301453715,1.0_0.0,3.0,0.5
claude-1,Model_2alpha,35,11.282740403392186,36.25852538118788,13.009976101116882,,0.9234267918586136,0.0068564214475918825,1.0_0.0,3.0,0.5
claude-1,Model_2alpha,36,6.379301988284839,26.451648550973186,11.596915804982379,,0.8180235023174336,0.01317007412240232,1.0_0.0,3.0,0.5
claude-1,Model_2alpha,37,9.4833988360626,32.65984224652871,13.992134256209011,,0.8555130557130278,0.0991528999517864,1.0_0.0,3.0,0.5
claude-1,Model_2alpha,38,11.397516062394523,36.488076699192554,13.944540588347753,,0.8172280278069194,0.11057515735581391,1.0_0.0,3.0,0.5
claude-1,Model_2alpha,39,7.411734390151683,28.516513354706873,12.312130746426362,,0.8304636275658576,0.061615628146381635,1.0_0.0,3.0,0.5
claude-1,Model_2alpha,40,12.881618274212363,39.45628112282823,14.73442088143537,,0.9066375523177237,0.04669034190708968,1.0_0.0,3.0,0.5
claude-1,Model_2alpha,41,14.2658053650561,42.22465530451571,13.493457934983786,,0.8747068957710445,0.01809922690217414,1.0_0.0,3.0,0.5
claude-1,Model_2alpha,42,8.929032609659162,31.55110979372183,12.986306808210703,,0.796967916411292,0.011680286269173694,1.0_0.0,3.0,0.5
claude-1,Model_2alpha,43,8.810770431289159,31.314585436981826,13.090358445317701,,0.8203109744695125,0.03368603854095706,1.0_0.0,3.0,0.5
claude-1,Model_2alpha,44,9.91489624838649,33.52283707117649,13.56127993678716,,0.8777300515380789,0.03023948140233128,1.0_0.0,3.0,0.5
claude-1,Model_2alpha,45,12.10318401348322,37.899412601369946,13.688108870410561,,0.8768071901473332,0.023220276466719685,1.0_0.0,3.0,0.5
claude-1,Model_2alpha,46,7.729237839797797,29.151520253999102,12.90848806955905,,0.8148249863642241,0.03952427856551488,1.0_0.0,3.0,0.5
claude-1,Model_2alpha,47,12.419556962859673,38.532158500122854,12.88714685871942,,0.9071338376219031,0.004283140174706423,1.0_0.0,3.0,0.5
claude-1,Model_2alpha,48,8.972723194408161,31.63849096321983,13.040000971775438,,0.8380704578706597,0.010349676082293313,1.0_0.0,3.0,0.5
claude-1,Model_2alpha,49,11.685546355600277,37.06413728560406,14.951792562329395,,0.8881885917669821,0.06239266554772628,1.0_0.0,3.0,0.5
claude-1,Model_1alpha,0,16.21377330760549,41.55624299814665,30.675957853165393,0.1394822593906416,,,0.5_-0.5,4.0,0.0
claude-1,Model_1alpha,1,16.871695899639242,42.872088182214156,36.25330597546381,0.07844059624583581,,,0.5_-0.5,4.0,0.0
claude-1,Model_1alpha,2,28.36656045296934,65.86181728887435,41.345186771890845,0.04884835882495305,,,0.5_-0.5,4.0,0.0
claude-1,Model_1alpha,3,19.791969255525313,48.7126348939863,44.885124014303024,0.060864844818357466,,,0.5_-0.5,4.0,0.0
claude-1,Model_1alpha,4,15.869715661650108,40.86812770623589,30.09781059239922,0.09310068349256312,,,0.5_-0.5,4.0,0.0
claude-1,Model_1alpha,5,133.3619507126336,275.85259780820286,0.8660213597608413,0.8976821921573682,,,0.5_-0.5,4.0,0.0
claude-1,Model_1alpha,6,12.980697041659079,35.09009046625383,26.77452193065625,0.13116830536197768,,,0.5_-0.5,4.0,0.0
claude-1,Model_1alpha,7,13.263656233257402,35.65600884945047,33.35682058759474,0.1342031056147224,,,0.5_-0.5,4.0,0.0
claude-1,Model_1alpha,8,105.67559168585726,220.4798797546502,13.516910922469945,0.05080108266449066,,,0.5_-0.5,4.0,0.0
claude-1,Model_1alpha,9,69.25187556393857,147.63244751081282,0.4947911004189919,0.0007483380556458663,,,0.5_-0.5,4.0,0.0
claude-1,Model_1alpha,10,113.73067800826962,236.59005239947493,2.0312066397789703,0.9889965611118471,,,0.5_-0.5,4.0,0.0
claude-1,Model_1alpha,11,20.265107374236045,49.65891113140776,43.450148625310845,0.08222550778037001,,,0.5_-0.5,4.0,0.0
claude-1,Model_1alpha,12,15.871172446500305,40.87104127593628,42.04895853055354,0.0861211423816539,,,0.5_-0.5,4.0,0.0
claude-1,Model_1alpha,13,108.04214601219304,225.21298840732175,0.4666990157712373,0.003204673320421178,,,0.5_-0.5,4.0,0.0
claude-1,Model_1alpha,14,14.705356097154752,38.539408577245176,27.701992588969347,0.1912806111177408,,,0.5_-0.5,4.0,0.0
claude-1,Model_1alpha,15,35.582224165736264,80.2931447144082,67.25199395511655,0.041374807040367424,,,0.5_-0.5,4.0,0.0
claude-1,Model_1alpha,16,107.08495404404574,223.29860447102715,0.9203791592327406,0.18774178817066642,,,0.5_-0.5,4.0,0.0
claude-1,Model_1alpha,17,107.99199831485211,225.1126930126399,0.0911340790633251,0.8720755050895705,,,0.5_-0.5,4.0,0.0
claude-1,Model_1alpha,18,15.823753037454686,40.776202457845045,26.392674444506778,0.17549814994819588,,,0.5_-0.5,4.0,0.0
claude-1,Model_1alpha,19,33.27694454679678,75.68258547652923,20.963221517058383,0.11438416072536454,,,0.5_-0.5,4.0,0.0
claude-1,Model_1alpha,20,23.353629359075782,55.83595510108724,41.59430092614756,0.08298035069057857,,,0.5_-0.5,4.0,0.0
claude-1,Model_1alpha,21,107.81783218604284,224.76436075502136,3.742474141071005,0.990137954533193,,,0.5_-0.5,4.0,0.0
claude-1,Model_1alpha,22,133.90685141640043,276.94239921573654,0.72709729160198,0.5897090883253925,,,0.5_-0.5,4.0,0.0
claude-1,Model_1alpha,23,128.8062309277794,266.7411582384945,1.8317996415381237,0.7106221712914043,,,0.5_-0.5,4.0,0.0
claude-1,Model_1alpha,24,17.27782927558472,43.68435493410511,39.02453991838165,0.09055143014436684,,,0.5_-0.5,4.0,0.0
claude-1,Model_1alpha,25,122.23252285012873,253.59374208319315,1.8038721651422918,0.9899175316864391,,,0.5_-0.5,4.0,0.0
claude-1,Model_1alpha,26,122.93152427728252,254.9917449375007,7.332093229742168,0.04770052476054562,,,0.5_-0.5,4.0,0.0
claude-1,Model_1alpha,27,15.907326179911959,40.94334874275959,40.25770434833839,0.06068556235012739,,,0.5_-0.5,4.0,0.0
claude-1,Model_1alpha,28,19.721086960388682,48.570870303713036,39.90983259170476,0.11515239433189836,,,0.5_-0.5,4.0,0.0
claude-1,Model_1alpha,29,13.689733829729,36.50816404239367,32.10383406802241,0.12829211674365606,,,0.5_-0.5,4.0,0.0
claude-1,Model_1alpha,30,20.720243583548537,50.56918355003275,44.14843144766759,0.08123511796551677,,,0.5_-0.5,4.0,0.0
claude-1,Model_1alpha,31,77.97289621028293,165.07448880350154,4.8582257789737335,0.4673447402185077,,,0.5_-0.5,4.0,0.0
claude-1,Model_1alpha,32,72.36507239170005,153.85884116633576,6.2478462809480515,0.38656907716538236,,,0.5_-0.5,4.0,0.0
claude-1,Model_1alpha,33,128.4773602377454,266.08341685842646,2.2743792629762116,0.5289942811049818,,,0.5_-0.5,4.0,0.0
claude-1,Model_1alpha,34,92.73291987702184,194.59453613697934,7.923910469291745,0.4411817135943707,,,0.5_-0.5,4.0,0.0
claude-1,Model_1alpha,35,108.03714563962357,225.2029876621828,0.05357586804104446,0.4415992244008259,,,0.5_-0.5,4.0,0.0
claude-1,Model_1alpha,36,88.5245005110048,186.17769740494526,5.274834730655813,0.7814128406940742,,,0.5_-0.5,4.0,0.0
claude-1,Model_1alpha,37,135.72016173546615,280.569019853868,0.06791429684238105,0.9167971343940098,,,0.5_-0.5,4.0,0.0
claude-1,Model_1alpha,38,102.18718228953988,213.5030609620154,1.3755467399492698,0.9224719608119355,,,0.5_-0.5,4.0,0.0
claude-1,Model_1alpha,39,13.57524386152226,36.27918410598019,31.994878263091504,0.1252738063622192,,,0.5_-0.5,4.0,0.0
claude-1,Model_1alpha,40,128.1400124514838,265.4087212859033,1.8875131818406974,0.7105774006926845,,,0.5_-0.5,4.0,0.0
claude-1,Model_1alpha,41,21.16804055227266,51.464777487480994,44.44609298630994,0.0816361296794811,,,0.5_-0.5,4.0,0.0
claude-1,Model_1alpha,42,18.854277790262625,46.83725196346092,43.41735462670721,0.09884200534418706,,,0.5_-0.5,4.0,0.0
claude-1,Model_1alpha,43,52.24820036442802,113.62509711179172,30.60073680269464,0.03984052390161618,,,0.5_-0.5,4.0,0.0
claude-1,Model_1alpha,44,126.50662194858182,262.14194028009933,5.544768985437481,0.054725777717446744,,,0.5_-0.5,4.0,0.0
claude-1,Model_1alpha,45,16.62294716525063,42.37459071343693,38.64189866787295,0.10074669874095098,,,0.5_-0.5,4.0,0.0
claude-1,Model_1alpha,46,29.69566873126304,68.52003384546175,47.96174025540738,0.056705923376676244,,,0.5_-0.5,4.0,0.0
claude-1,Model_1alpha,47,16.973177147388977,43.07505067771363,33.45815859088186,0.13603652155947057,,,0.5_-0.5,4.0,0.0
claude-1,Model_1alpha,48,15.709271210338999,40.547238803613666,36.17881233113844,0.06381747695195744,,,0.5_-0.5,4.0,0.0
claude-1,Model_1alpha,49,107.79576195460821,224.72022029215208,0.7806046382209401,0.010538299217118541,,,0.5_-0.5,4.0,0.0
claude-1,Model_2alpha,0,7.340940671450198,28.374925917303905,13.703207433795502,,0.8112504274285552,0.044213857264598665,0.5_-0.5,4.0,0.0
claude-1,Model_2alpha,1,8.679974408097705,31.052993390598918,13.87985455956239,,0.8092756054874777,0.04726303574731919,0.5_-0.5,4.0,0.0
claude-1,Model_2alpha,2,14.424857925502208,42.54276042540792,19.773212935725468,,0.2991957583901874,0.060184351300565826,0.5_-0.5,4.0,0.0
claude-1,Model_2alpha,3,8.732934204323884,31.158912983051277,13.806775818101974,,0.7797405352018598,0.02797462805495659,0.5_-0.5,4.0,0.0
claude-1,Model_2alpha,4,11.843689600434217,37.38042377527194,15.648296782487796,,0.7916102081670782,0.12267656461100959,0.5_-0.5,4.0,0.0
claude-1,Model_2alpha,5,8.939302016374928,31.571648607153364,13.8310863477792,,0.8649975157489979,0.007703988033516665,0.5_-0.5,4.0,0.0
claude-1,Model_2alpha,6,9.742544743862016,33.17813406212754,14.33369593320041,,0.7737441606235976,0.09270188967766393,0.5_-0.5,4.0,0.0
claude-1,Model_2alpha,7,7.329232234125035,28.35150904265358,13.69790326682106,,0.7844056267169334,0.04368459950215835,0.5_-0.5,4.0,0.0
claude-1,Model_2alpha,8,10.087084442168269,33.867213458740046,14.210644119218186,,0.7998956403561104,0.03013443119956682,0.5_-0.5,4.0,0.0
claude-1,Model_2alpha,9,5.819151985146386,25.331348544696283,11.6978845207202,,0.870092909363604,0.005636430633435066,0.5_-0.5,4.0,0.0
claude-1,Model_2alpha,10,103.33212749531548,220.35729956503445,3.4049675630077716,,0.999998645532714,0.5076581958212665,0.5_-0.5,4.0,0.0
claude-1,Model_2alpha,11,9.87605337092311,33.44515131624973,14.393302123669274,,0.8269141159815614,0.07091851824166254,0.5_-0.5,4.0,0.0
claude-1,Model_2alpha,12,7.383435621861633,28.459915818126774,13.73781298789406,,0.7794111342195833,0.026578709442421113,0.5_-0.5,4.0,0.0
claude-1,Model_2alpha,13,8.962855956902832,31.618756488209172,13.23687999284785,,0.8689919081327829,0.011697005808607991,0.5_-0.5,4.0,0.0
claude-1,Model_2alpha,14,11.82131102996932,37.33566663434215,15.933031753112592,,0.7684012562684917,0.1508226827099633,0.5_-0.5,4.0,0.0
claude-1,Model_2alpha,15,10.028653400052319,33.75035137450814,14.038904889788226,,0.8278622475344084,0.047301188864946,0.5_-0.5,4.0,0.0
claude-1,Model_2alpha,16,6.815114247620844,27.323273069645197,12.988663683167243,,0.8477579544942657,0.00836130521595302,0.5_-0.5,4.0,0.0
claude-1,Model_2alpha,17,7.921283137420319,29.535610849244147,13.084641373494545,,0.8582814160855189,0.008291646133518871,0.5_-0.5,4.0,0.0
claude-1,Model_2alpha,18,12.272437926684464,38.23792042777244,16.605605577533364,,0.8100220263096305,0.2016704159495573,0.5_-0.5,4.0,0.0
claude-1,Model_2alpha,19,11.029418691309548,35.751881957022604,14.802722319616008,,0.9301500655746491,0.07507025614746972,0.5_-0.5,4.0,0.0
claude-1,Model_2alpha,20,8.681346367585666,31.05573730957484,13.883055346164694,,0.8150046442712758,0.047644986754963425,0.5_-0.5,4.0,0.0
claude-1,Model_2alpha,21,12.859478772510712,39.41200211942493,14.575875361380048,,0.8523546036497767,0.02508926679317478,0.5_-0.5,4.0,0.0
claude-1,Model_2alpha,22,13.244280032845133,40.181604640093774,17.5463152236358,,0.5072659580713806,0.018262276604583388,0.5_-0.5,4.0,0.0
claude-1,Model_2alpha,23,8.969900599838905,31.632845774081318,13.831089902896306,,0.9009634309487184,0.007462962050741678,0.5_-0.5,4.0,0.0
claude-1,Model_2alpha,24,7.365870100276059,28.424784774955626,13.719377407316454,,0.8040883534788174,0.0342165209923171,0.5_-0.5,4.0,0.0
claude-1,Model_2alpha,25,11.724030619153918,37.141105812711345,13.932862459049256,,0.8776678222225366,0.006542021272741293,0.5_-0.5,4.0,0.0
claude-1,Model_2alpha,26,10.201387238519615,34.09581905144274,13.82059313636906,,0.7956460422736614,0.01316420696130429,0.5_-0.5,4.0,0.0
claude-1,Model_2alpha,27,7.380070639557486,28.45318585351848,13.724810498107496,,0.7768181276573439,0.026616518720617998,0.5_-0.5,4.0,0.0
claude-1,Model_2alpha,28,8.66829175835081,31.029628091105128,13.911069197428471,,0.8156637287099514,0.05330712000819637,0.5_-0.5,4.0,0.0
claude-1,Model_2alpha,29,7.338941167790187,28.370926909983883,13.712551449232482,,0.7849814794136931,0.040681911126013326,0.5_-0.5,4.0,0.0
claude-1,Model_2alpha,30,9.834196189133255,33.36143695267002,14.549240796892397,,0.8453862900224978,0.08670787894757527,0.5_-0.5,4.0,0.0
claude-1,Model_2alpha,31,13.126251097799514,39.94554677000254,16.297036506882375,,0.9183767523238677,0.06669323854248042,0.5_-0.5,4.0,0.0
claude-1,Model_2alpha,32,13.137417204682665,39.96787898376884,21.192527497051326,,0.31597821137395665,0.04002970082951637,0.5_-0.5,4.0,0.0
claude-1,Model_2alpha,33,8.835852127700825,31.36474882980516,13.802551155566656,,0.7985609147809472,0.013014159609301437,0.5_-0.5,4.0,0.0
claude-1,Model_2alpha,34,11.266891235767398,36.22682704593831,15.177470784217245,,0.869300646815063,0.050678905914415526,0.5_-0.5,4.0,0.0
claude-1,Model_2alpha,35,6.873997280498795,27.4410391354011,12.978898406107131,,0.8088196639614793,0.0036994003023410127,0.5_-0.5,4.0,0.0
claude-1,Model_2alpha,36,13.94234798320171,41.57774054080693,15.598646150055204,,0.9096414242678145,0.0598962241147741,0.5_-0.5,4.0,0.0
claude-1,Model_2alpha,37,13.027506076808567,39.74805672802064,14.290761850922499,,0.874786601409546,0.012210462593349796,0.5_-0.5,4.0,0.0
claude-1,Model_2alpha,38,10.593076282423098,34.879197139249705,12.61761744020052,,0.4898117350738555,0.00454023577989141,0.5_-0.5,4.0,0.0
claude-1,Model_2alpha,39,7.347692686558688,28.388429947520883,13.72512220495575,,0.78049799871554,0.03749310800812089,0.5_-0.5,4.0,0.0
claude-1,Model_2alpha,40,8.886083425687126,31.46521142577776,13.751807905977492,,0.7819755148489697,0.007481201125703671,0.5_-0.5,4.0,0.0
claude-1,Model_2alpha,41,7.374692275256427,28.442429124916362,13.733155391187468,,0.8089919092187053,0.0325833964035221,0.5_-0.5,4.0,0.0
claude-1,Model_2alpha,42,10.483571726221466,34.66018802684644,15.930673011877586,,0.8215897939595371,0.1461877092435465,0.5_-0.5,4.0,0.0
claude-1,Model_2alpha,43,15.807066960406253,45.307178495216014,17.642099462465747,,0.44509200213813266,0.035090590863666546,0.5_-0.5,4.0,0.0
claude-1,Model_2alpha,44,7.492343206720754,28.677730987845017,13.781557075459043,,0.8202336824236589,0.01135445670278879,0.5_-0.5,4.0,0.0
claude-1,Model_2alpha,45,10.79428616197914,35.28161689836179,15.559046871838136,,0.7738861508261472,0.09934212758399896,0.5_-0.5,4.0,0.0
claude-1,Model_2alpha,46,8.745906159421672,31.184856893246852,13.873177269543305,,0.8302163907953588,0.03250627107855133,0.5_-0.5,4.0,0.0
claude-1,Model_2alpha,47,9.853035870239374,33.39911631488226,14.06478223238211,,0.8180565277589605,0.09352546892058584,0.5_-0.5,4.0,0.0
claude-1,Model_2alpha,48,8.659263048973486,31.01157067235048,13.848942555935317,,0.7934959643388345,0.04927775728654586,0.5_-0.5,4.0,0.0
claude-1,Model_2alpha,49,6.783249004414847,27.259542583233202,12.938366046907792,,0.7904876696879916,0.007762772801019631,0.5_-0.5,4.0,0.0
claude-1,Model_1alpha,0,69.24268084063759,147.61405806421084,0.4943496052270542,0.0008218767083053987,,,1.0_0.0,4.0,0.5
claude-1,Model_1alpha,1,13.497986616716425,36.12466961636852,29.457284210581285,0.1550401822977158,,,1.0_0.0,4.0,0.5
claude-1,Model_1alpha,2,13.733139514894347,36.59497541272437,30.19203544803216,0.1232449274205883,,,1.0_0.0,4.0,0.5
claude-1,Model_1alpha,3,16.340922122634836,41.810540628205345,30.779088133137122,0.16370268551250486,,,1.0_0.0,4.0,0.5
claude-1,Model_1alpha,4,107.22297562480333,223.57464763254234,2.4035269565009534,0.9652033459506073,,,1.0_0.0,4.0,0.5
claude-1,Model_1alpha,5,12.506246771650977,34.14118992623763,25.326780930365434,0.17253809802075495,,,1.0_0.0,4.0,0.5
claude-1,Model_1alpha,6,101.75817926022053,212.64505490337672,1.3867386172786262,0.9438991811193269,,,1.0_0.0,4.0,0.5
claude-1,Model_1alpha,7,70.05613231365417,149.240961010244,5.348112770666546,0.8123267553003726,,,1.0_0.0,4.0,0.5
claude-1,Model_1alpha,8,109.17389252202742,227.47648142699052,3.9010672752316475,0.9951566951504799,,,1.0_0.0,4.0,0.5
claude-1,Model_1alpha,9,21.75660934537064,52.641915073676955,32.59956579419639,0.08548931746940504,,,1.0_0.0,4.0,0.5
claude-1,Model_1alpha,10,12.652285462198593,34.433267307332855,25.78643309434562,0.15900152361407444,,,1.0_0.0,4.0,0.5
claude-1,Model_1alpha,11,48.58762128086393,106.30393894466353,21.20478631057269,0.047437941339572506,,,1.0_0.0,4.0,0.5
claude-1,Model_1alpha,12,32.243343438533515,73.6153832600027,59.709096878174655,0.059383282306528375,,,1.0_0.0,4.0,0.5
claude-1,Model_1alpha,13,128.9151463841856,266.95898915130687,1.4858088690364262,0.9858770078766174,,,1.0_0.0,4.0,0.5
claude-1,Model_1alpha,14,38.301898827495734,85.73249403792714,32.548185935202596,0.0737501726399139,,,1.0_0.0,4.0,0.5
claude-1,Model_1alpha,15,16.812874465247077,42.75444531342983,44.778446863277196,0.09901341723760272,,,1.0_0.0,4.0,0.5
claude-1,Model_1alpha,16,93.11036019543158,195.34941677379885,4.932973620624999,0.950758293311394,,,1.0_0.0,4.0,0.5
claude-1,Model_1alpha,17,15.246369276216626,39.621434935368924,36.961681071526236,0.09770138721402422,,,1.0_0.0,4.0,0.5
claude-1,Model_1alpha,18,21.127743989019336,51.384184360974345,30.93411373646291,0.09805026165529356,,,1.0_0.0,4.0,0.5
claude-1,Model_1alpha,19,24.585186313007984,58.29906900895164,24.250502746677135,0.11637404320042236,,,1.0_0.0,4.0,0.5
claude-1,Model_1alpha,20,32.963845546364425,75.05638747566452,54.15343565928721,0.05108782201494325,,,1.0_0.0,4.0,0.5
claude-1,Model_1alpha,21,94.7264492817377,198.5815949464111,1.6794989082299376,0.9713342227258868,,,1.0_0.0,4.0,0.5
claude-1,Model_1alpha,22,15.566650890445496,40.26199816382666,27.124074230936234,0.18626095522856498,,,1.0_0.0,4.0,0.5
claude-1,Model_1alpha,23,121.35644143593038,251.84157925479644,1.6468905276325034,0.9902322028630036,,,1.0_0.0,4.0,0.5
claude-1,Model_1alpha,24,107.8348636709658,224.7984237248673,0.16952453751308014,0.181909338461231,,,1.0_0.0,4.0,0.5
claude-1,Model_1alpha,25,16.35409729080645,41.83689096454857,36.2899151015195,0.06768388622026499,,,1.0_0.0,4.0,0.5
claude-1,Model_1alpha,26,18.970398491604136,47.069493366143945,31.314766612905686,0.13130096936320207,,,1.0_0.0,4.0,0.5
claude-1,Model_1alpha,27,14.409985371533711,37.948667126003095,30.591582615613806,0.14953531494448563,,,1.0_0.0,4.0,0.5
claude-1,Model_1alpha,28,21.010062246460365,51.1488208758564,39.72464971806679,0.09537837420730387,,,1.0_0.0,4.0,0.5
claude-1,Model_1alpha,29,83.2570653457447,175.6428270744251,3.649526473324134,0.9204624141814798,,,1.0_0.0,4.0,0.5
claude-1,Model_1alpha,30,17.003204331043953,43.13510504502358,25.03203328227456,0.15385445573185144,,,1.0_0.0,4.0,0.5
claude-1,Model_1alpha,31,25.490680063615493,60.11005651016666,74.48848890055928,0.0433019022946945,,,1.0_0.0,4.0,0.5
claude-1,Model_1alpha,32,39.245357909374896,87.61941220168546,17.433428540052912,0.2026323424496177,,,1.0_0.0,4.0,0.5
claude-1,Model_1alpha,33,133.97200544323803,277.07270726941175,0.705651624222908,0.9440703787445947,,,1.0_0.0,4.0,0.5
claude-1,Model_1alpha,34,135.75265806588882,280.63401251471333,0.49124031568913024,0.0011482195372128667,,,1.0_0.0,4.0,0.5
claude-1,Model_1alpha,35,15.610840329282782,40.35037704150123,36.67890746510464,0.08038789613341572,,,1.0_0.0,4.0,0.5
claude-1,Model_1alpha,36,22.88127512652268,54.891246635981034,47.42819812388873,0.07295338970360356,,,1.0_0.0,4.0,0.5
claude-1,Model_1alpha,37,124.17546625918317,257.479628901302,1.9239056403472456,0.9687786841836626,,,1.0_0.0,4.0,0.5
claude-1,Model_1alpha,38,123.42636776949251,255.98143192192072,15.649719287171168,0.01640700427260455,,,1.0_0.0,4.0,0.5
claude-1,Model_1alpha,39,16.08744461762617,41.30358561818801,33.074875196012286,0.10999606439995602,,,1.0_0.0,4.0,0.5
claude-1,Model_1alpha,40,42.753890738861585,94.63647786065884,39.046419968774245,0.05143393445971476,,,1.0_0.0,4.0,0.5
claude-1,Model_1alpha,41,95.83216598402863,200.79302835099293,5.242237530604396,0.7178364434655239,,,1.0_0.0,4.0,0.5
claude-1,Model_1alpha,42,56.03157071125983,121.19183780545534,2.451232969570435,0.9725338829307576,,,1.0_0.0,4.0,0.5
claude-1,Model_1alpha,43,104.95073655901027,219.03016950095622,3.752106157087955,0.9496914082036528,,,1.0_0.0,4.0,0.5
claude-1,Model_1alpha,44,120.3622514142777,249.85319921149107,1.7251170633885111,0.9860150243625462,,,1.0_0.0,4.0,0.5
claude-1,Model_1alpha,45,118.06917721076255,245.26705080446078,6.1857911062092175,0.19389167212503275,,,1.0_0.0,4.0,0.5
claude-1,Model_1alpha,46,133.7110524389041,276.55080126074387,0.7079635702224267,0.9193676097163096,,,1.0_0.0,4.0,0.5
claude-1,Model_1alpha,47,17.015041685962032,43.15877975485974,30.673433650177056,0.1688022136864902,,,1.0_0.0,4.0,0.5
claude-1,Model_1alpha,48,119.22612640853869,247.58094920001304,1.9910557047130932,0.9547890716750352,,,1.0_0.0,4.0,0.5
claude-1,Model_1alpha,49,27.503449754993234,64.13559589292214,30.581342859991988,0.1237805436909491,,,1.0_0.0,4.0,0.5
claude-1,Model_2alpha,0,6.48807599824676,26.66919657089703,11.568261647614552,,0.8383989773577057,0.005452468545974002,1.0_0.0,4.0,0.5
claude-1,Model_2alpha,1,9.681894338329894,33.056833251063296,14.475144988553762,,0.7893814426078418,0.11319380143421814,1.0_0.0,4.0,0.5
claude-1,Model_2alpha,2,9.774272744825677,33.24159006405486,14.474425841662445,,0.7935398323683802,0.09152552993766719,1.0_0.0,4.0,0.5
claude-1,Model_2alpha,3,10.635091731714091,34.96322803783169,15.368150756135213,,0.798465930580999,0.117485700507042,1.0_0.0,4.0,0.5
claude-1,Model_2alpha,4,12.867940966672009,39.428926507747526,14.473881172396627,,0.894663471788384,0.026085038557865956,1.0_0.0,4.0,0.5
claude-1,Model_2alpha,5,9.625731187508126,32.94450694941976,14.389914081618747,,0.7814403297578691,0.12387429428441465,1.0_0.0,4.0,0.5
claude-1,Model_2alpha,6,7.858847672237535,29.410739918878576,12.990052808072504,,0.7866354589620085,0.00886785509592426,1.0_0.0,4.0,0.5
claude-1,Model_2alpha,7,12.142824255228874,37.978693084861256,13.170832752472474,,0.8277845881350121,0.01772682601936385,1.0_0.0,4.0,0.5
claude-1,Model_2alpha,8,11.714584548437973,37.122213671279454,14.076703146125373,,0.8973563518549814,0.007685061368657415,1.0_0.0,4.0,0.5
claude-1,Model_2alpha,9,7.391229880590197,28.475504335583903,13.72945200604766,,0.8070992670174666,0.02718817849101811,1.0_0.0,4.0,0.5
claude-1,Model_2alpha,10,9.656323333942042,33.0056912422876,14.338729422593751,,0.7716260884933375,0.11312486014405647,1.0_0.0,4.0,0.5
claude-1,Model_2alpha,11,11.512976215583876,36.71899700557126,15.937561387290488,,0.936196633288572,0.08503992417148559,1.0_0.0,4.0,0.5
claude-1,Model_2alpha,12,7.393087376844263,28.479219328092036,13.745056265452064,,0.7937995394963068,0.025491223670869645,1.0_0.0,4.0,0.5
claude-1,Model_2alpha,13,14.585800382912701,42.86464534022891,13.51865446587889,,0.8838395250165412,0.0034244972115500504,1.0_0.0,4.0,0.5
claude-1,Model_2alpha,14,11.435853398134308,36.56475137067213,13.87817936803459,,0.7944490835549173,0.03667726583812991,1.0_0.0,4.0,0.5
claude-1,Model_2alpha,15,7.367744683121876,28.42853394064726,13.73004863434508,,0.7864150445837897,0.03143167660899763,1.0_0.0,4.0,0.5
claude-1,Model_2alpha,16,11.495832640244146,36.6847098548918,14.51224278185886,,0.8896366975327068,0.024917707788577367,1.0_0.0,4.0,0.5
claude-1,Model_2alpha,17,8.65646763569535,31.005979845794208,13.90065047897374,,0.7921291520966548,0.05291224357287029,1.0_0.0,4.0,0.5
claude-1,Model_2alpha,18,8.7267508703702,31.146546315143908,13.850177637478117,,0.8407266237899477,0.03774423540869314,1.0_0.0,4.0,0.5
claude-1,Model_2alpha,19,9.885206218892122,33.46345701218775,14.219453183207163,,0.8175648052310762,0.06355039483498778,1.0_0.0,4.0,0.5
claude-1,Model_2alpha,20,10.051621534750964,33.79628764390544,14.056082278693307,,0.8235388115533258,0.033162840728288186,1.0_0.0,4.0,0.5
claude-1,Model_2alpha,21,8.934781080663559,31.562606735730625,13.051105704247181,,0.7983434067318187,0.010285948824558518,1.0_0.0,4.0,0.5
claude-1,Model_2alpha,22,12.305471650149913,38.30398787470334,16.3339717216293,,0.8616219104367135,0.19677038525341453,1.0_0.0,4.0,0.5
claude-1,Model_2alpha,23,11.599407356614702,36.89185928763291,14.07745722903324,,0.8464087324533854,0.011301682798967453,1.0_0.0,4.0,0.5
claude-1,Model_2alpha,24,8.030526885938922,29.754098346281353,12.939767799944471,,0.9031799894310443,0.004316033238410602,1.0_0.0,4.0,0.5
claude-1,Model_2alpha,25,9.962670298138178,33.618385170679865,13.979271974475168,,0.7603138980704727,0.04073731223413332,1.0_0.0,4.0,0.5
claude-1,Model_2alpha,26,11.08044719073989,35.85393895588329,14.611433802771717,,0.8135321868028501,0.08932872888608792,1.0_0.0,4.0,0.5
claude-1,Model_2alpha,27,9.760029162217771,33.213102898839054,14.40837500160661,,0.78008345877661,0.09192378661461319,1.0_0.0,4.0,0.5
claude-1,Model_2alpha,28,7.387631012115195,28.468306598633898,13.742748449003374,,0.8086891244733246,0.028988903586202652,1.0_0.0,4.0,0.5
claude-1,Model_2alpha,29,8.828912726499567,31.350870027402642,13.356573356637718,,0.8229369250310442,0.021735590906616923,1.0_0.0,4.0,0.5
claude-1,Model_2alpha,30,11.970801628856997,37.6346478321175,14.327083791237955,,0.7937045248481305,0.13330856889636786,1.0_0.0,4.0,0.5
claude-1,Model_2alpha,31,7.407374313548535,28.507793201500576,13.743769794716593,,0.7858017690848824,0.02136151786483547,1.0_0.0,4.0,0.5
claude-1,Model_2alpha,32,19.963285350379,53.61961527516151,13.12453012105603,,0.7811123153327268,0.007726079596281923,1.0_0.0,4.0,0.5
claude-1,Model_2alpha,33,8.979339910358352,31.651724395120212,13.821869241127592,,0.9070364242575396,0.0072295126428955185,1.0_0.0,4.0,0.5
claude-1,Model_2alpha,34,13.650745352409842,40.99453527922319,13.018460424323406,,0.5926498416995163,0.0024806568973897844,1.0_0.0,4.0,0.5
claude-1,Model_2alpha,35,8.656078480201089,31.005201534805686,13.851535541211948,,0.789036605368703,0.050055402696414945,1.0_0.0,4.0,0.5
claude-1,Model_2alpha,36,12.250249567886716,38.19354371017694,15.494618051206606,,0.8273110530386201,0.08024299676922908,1.0_0.0,4.0,0.5
claude-1,Model_2alpha,37,10.254538048895027,34.20212067219356,13.923803851290211,,0.8317589794178405,0.010208254304463774,1.0_0.0,4.0,0.5
claude-1,Model_2alpha,38,10.159498898132714,34.01204237066894,13.940839743618001,,0.8137469395605317,0.020836403538414067,1.0_0.0,4.0,0.5
claude-1,Model_2alpha,39,9.723326392105275,33.13969735861406,14.514400287146849,,0.8191255837556439,0.10798377127009691,1.0_0.0,4.0,0.5
claude-1,Model_2alpha,40,8.73218765312616,31.15741988065583,13.824326821633285,,0.8113784871783715,0.031102448175214133,1.0_0.0,4.0,0.5
claude-1,Model_2alpha,41,18.114167159888282,49.92137889418007,15.725371967645529,,0.9291915871349425,0.05070568707282787,1.0_0.0,4.0,0.5
claude-1,Model_2alpha,42,6.350616797280276,26.39427816896406,11.744493064780563,,0.833578428148826,0.0158428147066869,1.0_0.0,4.0,0.5
claude-1,Model_2alpha,43,14.383165373587982,42.45937532157947,13.859653592881108,,0.8316891326511098,0.011748686402253529,1.0_0.0,4.0,0.5
claude-1,Model_2alpha,44,11.725846027078216,37.14473662855994,13.940791364083235,,0.9071800818205479,0.007794081880830959,1.0_0.0,4.0,0.5
claude-1,Model_2alpha,45,15.973213903992502,45.63947238238851,16.622667001086967,,0.3653141103788597,0.005287598389744671,1.0_0.0,4.0,0.5
claude-1,Model_2alpha,46,8.900559005192825,31.49416258478916,13.76320705630894,,0.7878813028296455,0.006773474653530573,1.0_0.0,4.0,0.5
claude-1,Model_2alpha,47,11.80683764551652,37.30671986543655,16.098685775694815,,0.8137966630610467,0.15847685335564604,1.0_0.0,4.0,0.5
claude-1,Model_2alpha,48,11.466975177757217,36.62699492991794,14.338933791033963,,0.8363021918691093,0.02967388555081198,1.0_0.0,4.0,0.5
claude-1,Model_2alpha,49,8.657481371696864,31.008007317797237,13.884795824786952,,0.8449277026896738,0.06056910629373667,1.0_0.0,4.0,0.5
